gid,lon,lat,인구,LISA_I,LISA유형,Gi_z
라라033751,127.536744,35.07143,0,0.0,이웃없음,-0.298
라라035751,127.538937,35.071429,0,0.0,이웃없음,-0.298
라라038747,127.542226,35.067821,0,0.0889,LL,-0.422
라라039748,127.543323,35.068722,0,0.0889,LL,-0.516
라라040748,127.54442,35.068722,0,0.0889,LL,-0.422
라라043638,127.547653,34.969529,0,0.076,LL,-0.467
라라044638,127.548748,34.969529,10,0.0466,LL,-0.489
라라044639,127.548749,34.970431,0,0.0588,LL,-0.445
라라045637,127.549843,34.968627,11,0.0409,LL,-0.494
라라045638,127.549844,34.969528,25,0.0185,LL,-0.494
라라045641,127.549845,34.972234,0,0.0,이웃없음,-0.298
라라045743,127.549901,35.064211,0,0.0889,LL,-0.422
라라046633,127.550936,34.965019,6,0.0,이웃없음,-0.246
라라046636,127.550938,34.967724,0,0.0537,LL,-0.419
라라046637,127.550939,34.968626,21,0.0257,LL,-0.498
라라046638,127.550939,34.969528,0,0.0464,LL,-0.412
라라046742,127.550997,35.063309,0,0.0889,LL,-0.516
라라046763,127.551009,35.082245,0,0.0,이웃없음,-0.298
라라047626,127.552028,34.958706,10,0.0631,LL,-0.467
라라047627,127.552028,34.959608,0,0.0803,LL,-0.553
라라047628,127.552029,34.96051,0,0.0889,LL,-0.516
라라047637,127.552034,34.968626,9,0.0523,LL,-0.467
라라047741,127.552093,35.062407,0,0.0889,LL,-0.516
라라048626,127.553123,34.958706,0,0.076,LL,-0.467
라라048629,127.553125,34.961411,0,0.0889,LL,-0.422
라라048631,127.553126,34.963215,0,0.0,이웃없음,-0.298
라라048660,127.553143,34.989365,0,0.0889,LL,-0.422
라라048725,127.553181,35.047979,0,0.0,이웃없음,-0.298
라라048742,127.553191,35.063308,0,0.0889,LL,-0.596
라라048755,127.553198,35.075031,0,0.0889,LL,-0.422
라라049634,127.554223,34.96592,0,0.0,이웃없음,-0.298
라라049660,127.554239,34.989365,0,0.082,LL,-0.562
라라049741,127.554287,35.062406,0,0.0889,LL,-0.516
라라049742,127.554287,35.063308,0,0.0889,LL,-0.516
라라049756,127.554296,35.075932,0,0.0889,LL,-0.596
라라050629,127.555316,34.96141,0,0.0,이웃없음,-0.298
라라050659,127.555334,34.988463,8,0.0682,LL,-0.476
라라050660,127.555334,34.989364,0,0.0785,LL,-0.476
라라050724,127.555373,35.047076,0,0.0,이웃없음,-0.298
라라050739,127.555382,35.060602,0,0.0,이웃없음,-0.298
라라050755,127.555392,35.07503,0,0.0889,LL,-0.516
라라050756,127.555393,35.075931,0,0.0889,LL,-0.516
라라052632,127.557508,34.964114,15,0.0502,LL,-0.609
라라052633,127.557509,34.965016,0,0.076,LL,-0.532
라라052657,127.557524,34.986658,0,0.0889,LL,-0.516
라라052658,127.557524,34.98756,0,0.0889,LL,-0.516
라라052721,127.557564,35.04437,0,0.0889,LL,-0.422
라라053631,127.558603,34.963212,0,0.076,LL,-0.532
라라053632,127.558603,34.964114,0,0.0811,LL,-0.678
라라053633,127.558604,34.965016,0,0.076,LL,-0.532
라라053637,127.558607,34.968623,0,0.0889,LL,-0.422
라라053658,127.55862,34.987559,0,0.0889,LL,-0.596
라라053722,127.558661,35.045271,0,0.0889,LL,-0.422
라라053737,127.558671,35.058797,0,0.0889,LL,-0.516
라라053738,127.558672,35.059699,0,0.0889,LL,-0.516
라라053755,127.558683,35.075028,0,0.0725,LL,-0.514
라라054622,127.559692,34.955096,0,0.0,이웃없음,-0.298
라라054631,127.559698,34.963212,0,0.0889,LL,-0.516
라라054637,127.559702,34.968622,0,0.0889,LL,-0.516
라라054658,127.559716,34.987559,0,0.0889,LL,-0.422
라라054662,127.559719,34.991166,0,0.0537,LL,-0.419
라라054663,127.559719,34.992068,13,0.0397,LL,-0.466
라라054665,127.55972,34.993871,8,0.0465,LL,-0.367
라라054735,127.559766,35.056993,0,0.0889,LL,-0.422
라라054737,127.559768,35.058796,0,0.0852,LL,-0.706
라라054751,127.559777,35.071421,0,0.0682,LL,-0.437
라라054753,127.559778,35.073224,23,0.0234,LL,-0.466
라라054754,127.559779,35.074126,9,0.0517,LL,-0.616
라라054755,127.55978,35.075028,10,0.0598,LL,-0.664
라라054756,127.55978,35.075929,0,0.0803,LL,-0.553
라라055635,127.560796,34.966818,0,0.0519,LL,-0.411
라라055636,127.560797,34.96772,0,0.0691,LL,-0.497
라라055662,127.560814,34.991165,6,0.0436,LL,-0.462
라라055663,127.560815,34.992067,22,0.0197,LL,-0.489
라라055664,127.560816,34.992969,11,0.0345,LL,-0.492
라라055665,127.560816,34.993871,11,0.0395,LL,-0.439
라라055720,127.560853,35.043466,10,0.0457,LL,-0.372
라라055730,127.56086,35.052484,0,0.0,이웃없음,-0.298
라라055736,127.560864,35.057894,0,0.074,LL,-0.578
라라055737,127.560864,35.058796,7,0.0626,LL,-0.578
라라055738,127.560865,35.059698,0,0.0691,LL,-0.497
라라055741,127.560867,35.062403,0,0.0,이웃없음,-0.298
라라055749,127.560872,35.069617,0,0.0828,LL,-0.566
라라055750,127.560873,35.070518,7,0.0708,LL,-0.64
라라055752,127.560874,35.072322,9,0.0527,LL,-0.579
라라055753,127.560875,35.073224,11,0.0461,LL,-0.547
라라055754,127.560876,35.074125,0,0.0661,LL,-0.616
라라055755,127.560876,35.075027,0,0.0777,LL,-0.704
라라055759,127.560879,35.078634,0,0.0,이웃없음,-0.298
라라056628,127.561887,34.960505,0,0.0,이웃없음,-0.298
라라056632,127.56189,34.964112,0,0.067,LL,-0.432
라라056633,127.56189,34.965014,0,0.029,LL,-0.307
라라056634,127.561891,34.965916,20,0.0152,LL,-0.322
라라056635,127.561892,34.966818,23,0.0122,LL,-0.315
라라056638,127.561894,34.969523,141,2.127,HH,3.929
라라056662,127.56191,34.991165,14,0.0378,LL,-0.508
라라056663,127.561911,34.992066,21,0.0244,LL,-0.598
라라056664,127.561911,34.992968,29,0.0103,LL,-0.556
라라056665,127.561912,34.99387,0,0.056,LL,-0.47
라라056720,127.561949,35.043466,10,0.0454,LL,-0.428
라라056721,127.56195,35.044367,9,0.0466,LL,-0.428
라라056728,127.561955,35.05068,0,0.0,이웃없음,-0.298
라라056732,127.561958,35.054287,0,0.0721,LL,-0.452
라라056737,127.561961,35.058795,16,0.038,LL,-0.6
라라056744,127.561966,35.065107,6,0.0734,LL,-0.385
라라056746,127.561967,35.066911,0,0.0889,LL,-0.516
라라056748,127.561969,35.068714,0,0.0889,LL,-0.596
라라056750,127.56197,35.070518,0,0.0828,LL,-0.566
라라056751,127.561971,35.07142,0,0.0785,LL,-0.605
라라056752,127.561971,35.072321,0,0.0717,LL,-0.51
라라056755,127.561973,35.075026,0,0.0828,LL,-0.566
라라056756,127.561974,35.075928,7,0.0708,LL,-0.481
라라057633,127.562986,34.965014,17,0.0133,LL,-0.256
라라057634,127.562986,34.965915,56,-0.0136,HL,-0.134
라라057635,127.562987,34.966817,27,-0.0029,LH,0.089
라라057636,127.562988,34.967719,19,-0.0694,LH,1.126
라라057637,127.562989,34.968621,33,-0.0245,LH,4.296
라라057638,127.562989,34.969522,583,8.3745,HH,5.545
라라057639,127.56299,34.970424,290,6.1519,HH,5.286
라라057662,127.563006,34.991164,0,0.0713,LL,-0.655
라라057663,127.563006,34.992066,0,0.0653,LL,-0.648
라라057664,127.563007,34.992968,0,0.0631,LL,-0.554
라라057721,127.563047,35.044367,10,0.0457,LL,-0.372
라라057730,127.563053,35.052483,14,0.0329,LL,-0.257
라라057731,127.563054,35.053384,13,0.0479,LL,-0.48
라라057732,127.563054,35.054286,0,0.0721,LL,-0.452
라라057736,127.563057,35.057893,0,0.0476,LL,-0.389
라라057737,127.563058,35.058795,22,0.0249,LL,-0.515
라라057738,127.563058,35.059696,13,0.0361,LL,-0.431
라라057745,127.563063,35.066009,0,0.0811,LL,-0.486
라라057747,127.563065,35.067812,0,0.0889,LL,-0.596
라라057748,127.563065,35.068714,0,0.0889,LL,-0.516
라라058613,127.564067,34.946978,0,0.0,이웃없음,-0.298
라라058624,127.564075,34.956897,37,0.0,이웃없음,0.022
라라058633,127.564081,34.965013,10,-0.009,LH,0.0
라라058634,127.564082,34.965915,60,-0.0043,HL,0.022
라라058635,127.564083,34.966816,51,0.0035,HH,0.114
라라058636,127.564083,34.967718,49,0.1297,HH,2.804
라라058637,127.564084,34.96862,384,5.8222,HH,6.154
라라058638,127.564085,34.969522,347,8.1893,HH,7.904
라라058659,127.564099,34.988458,11,0.0351,LL,-0.317
라라058660,127.5641,34.98936,29,0.0113,LL,-0.446
라라058661,127.564101,34.990262,6,0.0525,LL,-0.536
라라058662,127.564102,34.991164,0,0.0777,LL,-0.704
라라058663,127.564102,34.992065,0,0.0842,LL,-0.699
라라058691,127.564122,35.017314,0,0.0889,LL,-0.516
라라058692,127.564123,35.018216,0,0.0889,LL,-0.516
라라058727,127.564147,35.049777,0,0.0605,LL,-0.407
라라058728,127.564148,35.050678,7,0.0565,LL,-0.475
라라058734,127.564152,35.056089,0,0.0,이웃없음,-0.298
라라058737,127.564154,35.058794,10,0.0471,LL,-0.493
라라058738,127.564155,35.059696,0,0.0599,LL,-0.493
라라058741,127.564157,35.062401,0,0.0665,LL,-0.484
라라058742,127.564158,35.063303,0,0.0665,LL,-0.484
라라058759,127.56417,35.078632,0,0.0889,LL,-0.422
라라058760,127.564171,35.079534,0,0.0889,LL,-0.422
라라059633,127.565177,34.965012,16,0.0166,LL,-0.296
라라059634,127.565177,34.965914,48,-0.0094,HL,-0.177
라라059635,127.565178,34.966816,33,0.0007,LL,-0.14
라라059636,127.565179,34.967718,7,-0.243,LH,2.651
라라059637,127.565179,34.968619,680,6.8977,HH,5.162
라라059638,127.56518,34.969521,343,7.0457,HH,6.487
라라059652,127.56519,34.982146,0,0.0889,LL,-0.422
라라059659,127.565195,34.988458,0,0.0373,LL,-0.317
라라059661,127.565197,34.990261,11,0.0409,LL,-0.494
라라059662,127.565197,34.991163,9,0.0546,LL,-0.596
라라059691,127.565218,35.017314,0,0.0889,LL,-0.596
라라059721,127.56524,35.044366,0,0.0,이웃없음,-0.298
라라059724,127.565242,35.047071,0,0.0,이웃없음,-0.298
라라059728,127.565245,35.050678,15,0.0429,LL,-0.532
라라059729,127.565245,35.05158,6,0.058,LL,-0.532
라라059730,127.565246,35.052481,0,0.0728,LL,-0.57
라라059731,127.565247,35.053383,12,0.0579,LL,-0.457
라라059739,127.565252,35.060597,0,0.0889,LL,-0.422
라라059741,127.565254,35.0624,17,0.0411,LL,-0.484
라라059742,127.565255,35.063302,9,0.0549,LL,-0.484
라라060607,127.566253,34.941566,12,0.047,LL,-0.392
라라060625,127.566266,34.957798,0,0.0,이웃없음,-0.298
라라060632,127.566271,34.96411,0,0.0438,LL,-0.396
라라060633,127.566272,34.965012,17,0.0182,LL,-0.352
라라060634,127.566273,34.965914,0,0.0125,LL,-0.212
라라060635,127.566273,34.966815,14,0.0132,LL,-0.258
라라060636,127.566274,34.967717,0,-0.1816,LH,1.527
라라060637,127.566275,34.968619,12,-0.308,LH,4.164
라라060638,127.566276,34.969521,279,4.6239,HH,5.333
라라060646,127.566281,34.976734,0,0.0605,LL,-0.354
라라060649,127.566284,34.97944,0,0.0734,LL,-0.457
라라060652,127.566286,34.982145,0,0.0665,LL,-0.484
라라060662,127.566293,34.991162,12,0.0378,LL,-0.435
라라060690,127.566313,35.016411,0,0.0889,LL,-0.422
라라060729,127.566342,35.051579,7,0.0565,LL,-0.475
라라060731,127.566343,35.053383,0,0.0734,LL,-0.457
라라060764,127.566367,35.08314,0,0.0,이웃없음,-0.298
라라061607,127.567348,34.941566,13,0.0396,LL,-0.512
라라061608,127.567349,34.942467,0,0.0464,LL,-0.466
라라061609,127.56735,34.943369,20,0.0263,LL,-0.48
라라061610,127.56735,34.944271,0,0.0365,LL,-0.333
라라061632,127.567367,34.964109,17,0.0192,LL,-0.321
라라061633,127.567367,34.965011,20,0.0142,LL,-0.344
라라061634,127.567368,34.965913,43,-0.0086,HL,-0.287
라라061635,127.567369,34.966815,46,0.0061,HH,0.198
라라061636,127.56737,34.967716,30,-0.0115,LH,0.78
라라061637,127.56737,34.968618,18,-0.2168,LH,4.012
라라061638,127.567371,34.96952,386,4.8576,HH,4.507
라라061647,127.567378,34.977636,11,0.0605,LL,-0.462
라라061649,127.567379,34.979439,0,0.0785,LL,-0.545
라라061650,127.56738,34.980341,12,0.0469,LL,-0.572
라라061651,127.567381,34.981243,26,0.0195,LL,-0.572
라라061652,127.567381,34.982144,0,0.0605,LL,-0.454
라라061659,127.567387,34.988457,0,0.0,이웃없음,-0.298
라라061662,127.567389,34.991162,9,0.0362,LL,-0.317
라라061663,127.56739,34.992064,19,0.0318,LL,-0.485
라라061664,127.56739,34.992965,0,0.0554,LL,-0.387
라라061666,127.567392,34.994769,0,0.0889,LL,-0.422
라라061667,127.567392,34.995671,0,0.0889,LL,-0.422
라라061717,127.567429,35.040758,0,0.0889,LL,-0.422
라라061721,127.567432,35.044365,0,0.0,이웃없음,-0.298
라라061727,127.567437,35.049775,0,0.0889,LL,-0.422
라라062606,127.568443,34.940663,16,0.0366,LL,-0.423
라라062607,127.568443,34.941565,11,0.0491,LL,-0.626
라라062608,127.568444,34.942467,10,0.0396,LL,-0.505
라라062609,127.568445,34.943369,33,0.0031,LL,-0.557
라라062610,127.568446,34.94427,8,0.0333,LL,-0.333
라라062620,127.568453,34.953288,67,0.0,이웃없음,0.281
라라062625,127.568457,34.957797,0,0.0773,LL,-0.471
라라062629,127.56846,34.961404,0,0.0889,LL,-0.422
라라062632,127.568462,34.964109,49,0.0529,HH,1.005
라라062633,127.568463,34.965011,13,-0.0784,LH,1.065
라라062634,127.568464,34.965912,32,-0.0075,LH,0.921
라라062635,127.568464,34.966814,26,-0.0147,LH,0.509
라라062636,127.568465,34.967716,188,0.2292,HH,0.904
라라062637,127.568466,34.968618,247,2.2886,HH,3.94
라라062638,127.568467,34.969519,542,5.5661,HH,4.384
라라062647,127.568473,34.977635,0,0.0734,LL,-0.519
라라062650,127.568476,34.98034,0,0.0572,LL,-0.581
라라062651,127.568476,34.981242,7,0.0438,LL,-0.508
라라062656,127.56848,34.985751,0,0.0889,LL,-0.516
라라062657,127.568481,34.986652,0,0.0889,LL,-0.422
라라062664,127.568486,34.992965,7,0.0578,LL,-0.484
라라062718,127.568527,35.041659,0,0.0889,LL,-0.422
라라062728,127.568534,35.050676,0,0.0674,LL,-0.488
라라062741,127.568544,35.062399,0,0.0,이웃없음,-0.298
라라062765,127.568562,35.08404,0,0.0,이웃없음,-0.298
라라063606,127.569538,34.940663,0,0.0541,LL,-0.382
라라063608,127.569539,34.942466,0,0.0425,LL,-0.363
라라063624,127.569551,34.956894,0,0.0734,LL,-0.519
라라063625,127.569552,34.957796,9,0.06,LL,-0.519
라라063629,127.569555,34.961403,0,0.0889,LL,-0.422
라라063631,127.569557,34.963206,10,-0.0645,LH,0.45
라라063632,127.569557,34.964108,102,0.256,HH,1.293
라라063633,127.569558,34.96501,338,0.4816,HH,1.365
라라063634,127.569559,34.965912,66,0.1,HH,1.071
라라063635,127.56956,34.966813,46,0.0298,HH,0.835
라라063636,127.56956,34.967715,10,-0.1164,LH,1.287
라라063637,127.569561,34.968617,13,-0.3084,LH,3.698
라라063638,127.569562,34.969519,243,3.6245,HH,3.92
라라063646,127.569568,34.976733,0,0.0695,LL,-0.551
라라063647,127.569569,34.977634,7,0.059,LL,-0.551
라라063649,127.56957,34.979438,0,0.0657,LL,-0.48
라라063650,127.569571,34.98034,27,0.017,LL,-0.561
라라063651,127.569572,34.981241,14,0.0398,LL,-0.481
라라063655,127.569575,34.984848,0,0.0811,LL,-0.486
라라063664,127.569582,34.992964,0,0.0721,LL,-0.452
라라063688,127.5696,35.014606,0,0.0,이웃없음,-0.298
라라063708,127.569615,35.032641,6,0.0,이웃없음,-0.246
라라063712,127.569618,35.036248,0,0.0889,LL,-0.516
라라063728,127.569631,35.050675,14,0.0472,LL,-0.488
라라063729,127.569631,35.051577,11,0.0523,LL,-0.488
라라063733,127.569635,35.055184,0,0.0,이웃없음,-0.298
라라064625,127.570647,34.957795,9,0.0585,LL,-0.574
라라064627,127.570649,34.959599,8,0.0682,LL,-0.476
라라064631,127.570652,34.963206,68,0.0959,HH,0.861
라라064632,127.570653,34.964108,60,0.1583,HH,1.991
라라064633,127.570654,34.965009,59,0.1363,HH,1.789
라라064634,127.570654,34.965911,65,0.1336,HH,1.348
라라064635,127.570655,34.966813,37,0.0036,HH,0.391
라라064636,127.570656,34.967715,130,-0.057,HL,0.246
라라064646,127.570664,34.976732,11,0.0395,LL,-0.518
라라064647,127.570664,34.977634,12,0.0341,LL,-0.438
라라064650,127.570667,34.980339,0,0.0636,LL,-0.558
라라064653,127.570669,34.983044,6,0.0,이웃없음,-0.246
라라064655,127.570671,34.984848,6,0.0734,LL,-0.385
라라064663,127.570677,34.992062,6,0.0734,LL,-0.385
라라064712,127.570715,35.036247,0,0.0599,LL,-0.493
라라064713,127.570716,35.037149,0,0.0554,LL,-0.466
라라064729,127.570728,35.051577,0,0.0567,LL,-0.392
라라064774,127.570763,35.092155,0,0.0,이웃없음,-0.298
라라065625,127.571743,34.957795,6,0.0638,LL,-0.442
라라065626,127.571743,34.958696,0,0.074,LL,-0.578
라라065627,127.571744,34.959598,0,0.0785,LL,-0.476
라라065630,127.571747,34.962303,0,-0.5621,LH,3.242
라라065631,127.571747,34.963205,130,0.8826,HH,2.941
라라065632,127.571748,34.964107,135,0.8395,HH,2.87
라라065633,127.571749,34.965009,99,0.1035,HH,0.682
라라065634,127.57175,34.96591,7,-0.0489,LH,0.378
라라065645,127.571758,34.97583,0,0.0468,LL,-0.385
라라065646,127.571759,34.976731,32,0.0044,LL,-0.373
라라065647,127.57176,34.977633,21,0.0163,LL,-0.268
라라065650,127.571762,34.980338,8,0.0682,LL,-0.476
라라065651,127.571763,34.98124,0,0.0785,LL,-0.476
라라065659,127.571769,34.988454,7,0.0,이웃없음,-0.238
라라065711,127.57181,35.035345,8,0.0438,LL,-0.402
라라065712,127.571811,35.036246,37,-0.0061,HL,-0.493
라라065714,127.571813,35.03805,15,0.0502,LL,-0.33
라라065764,127.571852,35.083137,0,0.0,이웃없음,-0.298
라라066606,127.572823,34.940661,0,0.0,이웃없음,-0.298
라라066630,127.572842,34.962303,180,1.4633,HH,2.891
라라066631,127.572843,34.963205,633,2.0835,HH,2.801
라라066632,127.572844,34.964106,32,-0.0226,LH,2.789
라라066633,127.572844,34.965008,90,0.0749,HH,0.557
라라066634,127.572845,34.96591,0,-0.0412,LH,0.114
라라066644,127.572853,34.974927,6,-0.2011,LH,0.801
라라066654,127.572861,34.983945,13,0.0,이웃없음,-0.186
라라066661,127.572867,34.990257,0,0.0,이웃없음,-0.298
라라066706,127.572903,35.030835,18,0.0425,LL,-0.519
라라066707,127.572904,35.031737,0,0.0657,LL,-0.427
라라066712,127.572908,35.036246,0,0.0309,LL,-0.292
라라067610,127.573921,34.944267,8,0.0465,LL,-0.466
라라067611,127.573922,34.945169,0,0.0519,LL,-0.411
라라067630,127.573937,34.962302,19,-0.1906,LH,2.852
라라067631,127.573938,34.963204,64,0.2417,HH,2.616
라라067632,127.573939,34.964106,89,0.3688,HH,2.247
라라067633,127.57394,34.965007,6,-0.0344,LH,0.224
라라067645,127.57395,34.975828,258,7.4272,HH,8.644
라라067646,127.57395,34.97673,1001,17.4408,HH,7.677
라라067647,127.573951,34.977632,198,3.0286,HH,4.956
라라067648,127.573952,34.978534,0,-0.132,LH,0.659
라라067663,127.573964,34.99206,0,0.0373,LL,-0.299
라라067705,127.573998,35.029933,0,0.0657,LL,-0.427
라라067706,127.573999,35.030835,0,0.0734,LL,-0.519
라라067743,127.574029,35.064199,0,0.0889,LL,-0.422
라라067744,127.57403,35.065101,0,0.0889,LL,-0.422
라라068609,127.575015,34.943365,9,0.0479,LL,-0.436
라라068610,127.575016,34.944266,11,0.0406,LL,-0.531
라라068611,127.575017,34.945168,24,0.021,LL,-0.56
라라068619,127.575024,34.952382,6,0.0464,LL,-0.406
라라068620,127.575025,34.953284,0,0.0511,LL,-0.406
라라068630,127.575033,34.962301,36,0.0034,HH,0.481
라라068631,127.575034,34.963203,83,0.1705,HH,1.156
라라068632,127.575034,34.964105,82,0.2851,HH,1.991
라라068633,127.575035,34.965007,11,-0.2652,LH,2.887
라라068644,127.575044,34.974926,517,9.2256,HH,6.223
라라068645,127.575045,34.975828,597,12.7878,HH,8.237
라라068646,127.575046,34.976729,277,4.3339,HH,6.22
라라068647,127.575047,34.977631,51,0.2176,HH,4.121
라라068648,127.575048,34.978533,84,0.0863,HH,0.651
라라068649,127.575048,34.979435,10,-0.0071,LH,-0.018
라라068662,127.575059,34.991157,20,0.0323,LL,-0.449
라라068687,127.57508,35.013701,0,0.0715,LL,-0.562
라라068688,127.57508,35.014603,0,0.076,LL,-0.59
라라069610,127.576111,34.944266,9,0.0404,LL,-0.532
라라069611,127.576112,34.945167,18,0.0306,LL,-0.541
라라069612,127.576113,34.946069,0,0.0528,LL,-0.415
라라069619,127.576119,34.952382,7,0.0455,LL,-0.406
라라069620,127.57612,34.953283,31,0.0082,LL,-0.497
라라069626,127.576125,34.958694,0,0.0,이웃없음,-0.298
라라069631,127.576129,34.963202,95,0.2454,HH,1.263
라라069632,127.57613,34.964104,186,1.2117,HH,2.907
라라069633,127.576131,34.965006,385,4.1216,HH,4.443
라라069634,127.576131,34.965908,366,5.5873,HH,4.773
라라069643,127.576139,34.974023,287,2.9013,HH,3.607
라라069644,127.57614,34.974925,290,3.5794,HH,4.797
라라069645,127.576141,34.975827,21,-0.1942,LH,4.407
라라069646,127.576141,34.976729,9,-0.2056,LH,2.417
라라069647,127.576142,34.97763,56,0.0656,HH,1.005
라라069648,127.576143,34.978532,64,0.0237,HH,0.333
라라069649,127.576144,34.979434,26,-0.0087,LH,0.266
라라069650,127.576145,34.980336,18,-0.0121,LH,0.139
라라069651,127.576146,34.981237,33,-0.0024,LH,0.323
라라069662,127.576155,34.991157,0,0.0451,LL,-0.347
라라069663,127.576156,34.992058,14,0.039,LL,-0.419
라라069664,127.576156,34.99296,7,0.0421,LL,-0.293
라라069686,127.576175,35.012798,7,0.0571,LL,-0.48
라라069687,127.576176,35.0137,20,0.0358,LL,-0.635
라라069688,127.576177,35.014602,0,0.0785,LL,-0.66
라라069689,127.576177,35.015504,0,0.0889,LL,-0.516
라라069702,127.576188,35.027226,0,0.0768,LL,-0.536
라라069703,127.576189,35.028128,0,0.0889,LL,-0.516
라라069705,127.576191,35.029932,0,0.0,이웃없음,-0.298
라라069726,127.576208,35.048868,0,0.0,이웃없음,-0.298
라라070608,127.577205,34.942462,10,0.0436,LL,-0.415
라라070609,127.577206,34.943363,17,0.032,LL,-0.446
라라070610,127.577207,34.944265,14,0.036,LL,-0.443
라라070611,127.577207,34.945167,0,0.0625,LL,-0.508
라라070621,127.577216,34.954184,0,0.009,LL,-0.232
라라070631,127.577224,34.963202,92,0.1546,HH,0.894
라라070632,127.577225,34.964104,54,0.166,HH,2.685
라라070633,127.577226,34.965005,331,3.6131,HH,4.4
라라070634,127.577227,34.965907,314,4.9821,HH,4.773
라라070637,127.577229,34.968612,0,0.0889,LL,-0.422
라라070641,127.577233,34.972219,0,-0.3831,LH,2.167
라라070642,127.577234,34.973121,29,-0.0218,LH,1.021
라라070643,127.577234,34.974023,54,0.1255,HH,1.905
라라070644,127.577235,34.974925,52,0.0887,HH,1.616
라라070645,127.577236,34.975826,27,-0.0152,LH,0.604
라라070646,127.577237,34.976728,49,-0.0008,HL,0.025
라라070647,127.577238,34.97763,62,0.0054,HH,0.14
라라070648,127.577239,34.978532,7,-0.0326,LH,0.287
라라070649,127.57724,34.979433,66,0.0029,HH,0.12
라라070650,127.57724,34.980335,88,-0.0105,HL,0.094
라라070651,127.577241,34.981237,43,0.0153,HH,0.541
라라070652,127.577242,34.982139,74,0.3925,HH,2.488
라라070675,127.577262,35.002879,0,0.0691,LL,-0.497
라라070687,127.577272,35.0137,0,0.061,LL,-0.54
라라070700,127.577283,35.025422,0,0.0663,LL,-0.532
라라070701,127.577284,35.026324,14,0.0448,LL,-0.532
라라070703,127.577285,35.028127,0,0.0889,LL,-0.516
라라071607,127.578299,34.941559,8,0.0511,LL,-0.449
라라071608,127.5783,34.942461,7,0.0482,LL,-0.47
라라071630,127.578319,34.962299,0,0.0167,LL,-0.234
라라071631,127.57832,34.963201,20,0.0001,LL,-0.046
라라071632,127.578321,34.964103,68,0.0894,HH,0.921
라라071633,127.578321,34.965005,11,-0.147,LH,1.721
라라071636,127.578324,34.96771,0,0.0889,LL,-0.516
라라071639,127.578327,34.970415,11,-0.2583,LH,2.186
라라071640,127.578327,34.971317,619,-0.0726,HL,1.878
라라071641,127.578328,34.972219,31,-0.0233,LH,1.899
라라071642,127.578329,34.97312,54,0.0167,HH,0.322
라라071643,127.57833,34.974022,99,0.0391,HH,0.373
라라071644,127.578331,34.974924,34,-0.0001,LH,0.076
라라071645,127.578332,34.975826,7,0.01,LL,-0.192
라라071646,127.578333,34.976727,31,0.0012,LL,-0.114
라라071647,127.578333,34.977629,57,-0.0073,HL,-0.036
라라071648,127.578334,34.978531,24,-0.0036,LH,0.076
라라071649,127.578335,34.979433,48,0.0005,HH,0.051
라라071650,127.578336,34.980334,11,-0.0145,LH,0.123
라라071651,127.578337,34.981236,10,-0.0494,LH,0.552
라라071652,127.578338,34.982138,176,1.0421,HH,2.544
라라071653,127.578339,34.98304,576,5.4714,HH,4.423
라라071654,127.578339,34.983941,212,4.3633,HH,5.778
라라071656,127.578341,34.985745,0,-0.828,LH,1.754
라라071665,127.578349,34.99386,0,0.067,LL,-0.432
라라071666,127.57835,34.994762,0,0.0534,LL,-0.454
라라071667,127.578351,34.995664,0,0.0415,LL,-0.406
라라071668,127.578351,34.996566,20,0.0239,LL,-0.441
라라071669,127.578352,34.997467,0,0.0511,LL,-0.406
라라071674,127.578357,35.001976,8,0.0534,LL,-0.402
라라071675,127.578357,35.002878,15,0.0463,LL,-0.497
라라071676,127.578358,35.00378,0,0.076,LL,-0.532
라라071678,127.57836,35.005583,0,0.0657,LL,-0.427
라라071680,127.578362,35.007387,0,0.0554,LL,-0.387
라라071686,127.578367,35.012797,8,0.0374,LL,-0.427
라라071687,127.578368,35.013699,19,0.0205,LL,-0.334
라라071692,127.578372,35.018208,10,0.0466,LL,-0.305
라라071693,127.578373,35.019109,9,0.0562,LL,-0.422
라라071694,127.578374,35.020011,0,0.0657,LL,-0.367
라라071699,127.578378,35.02452,0,0.0889,LL,-0.596
라라071700,127.578379,35.025421,0,0.0738,LL,-0.675
라라071701,127.57838,35.026323,21,0.0319,LL,-0.607
라라072608,127.579395,34.94246,9,0.0528,LL,-0.528
라라072630,127.579414,34.962299,0,0.0729,LL,-0.621
라라072631,127.579415,34.9632,0,0.0407,LL,-0.443
라라072632,127.579416,34.964102,27,0.0085,LL,-0.37
라라072633,127.579417,34.965004,27,0.008,LL,-0.327
라라072634,127.579418,34.965906,7,0.0446,LL,-0.443
라라072637,127.57942,34.968611,0,0.0435,LL,-0.42
라라072638,127.579421,34.969513,18,0.0109,LL,-0.227
라라072639,127.579422,34.970414,45,0.0605,HH,1.685
라라072640,127.579423,34.971316,45,0.0587,HH,1.757
라라072641,127.579424,34.972218,65,0.2294,HH,2.412
라라072642,127.579425,34.97312,54,0.0555,HH,0.936
라라072643,127.579426,34.974021,36,0.0035,HH,0.719
라라072644,127.579426,34.974923,28,0.0009,LL,-0.061
라라072645,127.579427,34.975825,0,0.0292,LL,-0.348
라라072646,127.579428,34.976727,16,0.0155,LL,-0.297
라라072647,127.579429,34.977628,22,0.0051,LL,-0.163
라라072648,127.57943,34.97853,30,0.0012,LL,-0.097
라라072649,127.579431,34.979432,21,0.0037,LL,-0.122
라라072650,127.579432,34.980334,33,0.0009,LL,-0.192
라라072651,127.579432,34.981235,33,-0.001,LH,0.2
라라072652,127.579433,34.982137,34,-0.0036,LH,2.259
라라072653,127.579434,34.983039,162,1.4053,HH,3.772
라라072654,127.579435,34.983941,361,4.79,HH,4.92
라라072655,127.579436,34.984842,356,2.6704,HH,2.963
라라072658,127.579439,34.987548,0,0.0,이웃없음,-0.298
라라072666,127.579446,34.994762,17,0.0342,LL,-0.57
라라072667,127.579446,34.995663,38,-0.006,HL,-0.52
라라072668,127.579447,34.996565,17,0.0258,LL,-0.477
라라072669,127.579448,34.997467,7,0.0385,LL,-0.396
라라072677,127.579455,35.004681,0,0.0773,LL,-0.597
라라072678,127.579456,35.005582,18,0.0425,LL,-0.519
라라072680,127.579458,35.007386,16,0.0325,LL,-0.435
라라072681,127.579459,35.008288,10,0.0448,LL,-0.519
라라072685,127.579462,35.011895,0,0.047,LL,-0.416
라라072686,127.579463,35.012796,45,-0.0201,HL,-0.469
라라072687,127.579464,35.013698,14,0.0252,LL,-0.334
라라072700,127.579475,35.025421,0,0.0753,LL,-0.586
라라072701,127.579476,35.026322,0,0.0708,LL,-0.506
라라072741,127.579511,35.062392,0,0.0,이웃없음,-0.298
라라073608,127.58049,34.942459,0,0.0708,LL,-0.506
라라073609,127.580491,34.943361,12,0.0474,LL,-0.524
라라073612,127.580494,34.946066,0,0.0811,LL,-0.486
라라073629,127.580509,34.961396,11,0.0535,LL,-0.422
라라073631,127.58051,34.9632,0,0.0678,LL,-0.629
라라073632,127.580511,34.964101,16,0.0332,LL,-0.572
라라073633,127.580512,34.965003,13,0.0332,LL,-0.475
라라073634,127.580513,34.965905,0,0.0418,LL,-0.385
라라073636,127.580515,34.967708,0,-0.0822,LH,0.441
라라073637,127.580516,34.96861,20,-0.0227,LH,0.404
라라073638,127.580517,34.969512,50,0.0038,HH,0.12
라라073639,127.580518,34.970414,28,0.0019,LL,-0.108
라라073640,127.580518,34.971315,11,-0.0103,LH,0.068
라라073641,127.580519,34.972217,65,0.0464,HH,0.558
라라073642,127.58052,34.973119,203,0.0252,HH,0.532
라라073643,127.580521,34.974021,28,-0.0056,LH,0.247
라라073644,127.580522,34.974922,24,0.0135,LL,-0.371
라라073646,127.580524,34.976726,22,0.0081,LL,-0.211
라라073647,127.580525,34.977628,24,0.0041,LL,-0.151
라라073648,127.580525,34.978529,28,-0.0002,LH,-0.01
라라073649,127.580526,34.979431,23,0.0036,LL,-0.131
라라073650,127.580527,34.980333,50,0.0051,HH,0.146
라라073651,127.580528,34.981235,15,-0.0308,LH,0.431
라라073652,127.580529,34.982136,18,-0.1085,LH,1.985
라라073653,127.58053,34.983038,70,0.2969,HH,2.685
라라073654,127.580531,34.98394,10,-0.3643,LH,3.825
라라073660,127.580536,34.98935,0,0.0,이웃없음,-0.298
라라073666,127.580541,34.994761,0,0.0457,LL,-0.408
라라073667,127.580542,34.995663,12,0.0313,LL,-0.468
라라073668,127.580543,34.996564,26,0.0127,LL,-0.42
라라073678,127.580552,35.005582,0,0.0657,LL,-0.427
라라073680,127.580554,35.007385,6,0.0504,LL,-0.519
라라073681,127.580555,35.008287,28,0.0141,LL,-0.593
라라073682,127.580555,35.009189,0,0.0562,LL,-0.432
라라073685,127.580558,35.011894,12,0.0351,LL,-0.448
라라073686,127.580559,35.012796,0,0.0456,LL,-0.434
라라073693,127.580565,35.019108,21,0.0277,LL,-0.251
라라074609,127.581586,34.94336,0,0.0708,LL,-0.559
라라074610,127.581587,34.944262,16,0.041,LL,-0.589
라라074611,127.581588,34.945164,6,0.0617,LL,-0.559
라라074613,127.58159,34.946967,0,0.0889,LL,-0.422
라라074618,127.581594,34.951476,0,0.0889,LL,-0.422
라라074619,127.581595,34.952378,0,0.0889,LL,-0.422
라라074629,127.581604,34.961395,8,0.0465,LL,-0.305
라라074631,127.581606,34.963199,0,0.0747,LL,-0.582
라라074632,127.581607,34.964101,6,0.0611,LL,-0.607
라라074635,127.581609,34.966806,26,-0.0267,LH,0.713
라라074636,127.58161,34.967708,154,0.4213,HH,1.376
라라074637,127.581611,34.968609,132,0.3285,HH,1.322
라라074638,127.581612,34.969511,34,-0.0021,LH,1.284
라라074639,127.581613,34.970413,25,-0.0274,LH,0.863
라라074640,127.581614,34.971315,17,-0.0877,LH,1.498
라라074641,127.581615,34.972216,33,-0.0089,LH,1.835
라라074642,127.581616,34.973118,11,-0.1204,LH,1.515
라라074643,127.581617,34.97402,0,-0.0589,LH,0.428
라라074644,127.581617,34.974922,12,0.0203,LL,-0.293
라라074646,127.581619,34.976725,0,-0.041,LH,0.159
라라074647,127.58162,34.977627,93,-0.0306,HL,0.007
라라074648,127.581621,34.978529,23,-0.0063,LH,0.137
라라074649,127.581622,34.97943,43,-0.0056,HL,-0.177
라라074650,127.581623,34.980332,14,-0.0318,LH,0.42
라라074651,127.581624,34.981234,129,0.4295,HH,1.676
라라074652,127.581625,34.982136,134,1.0261,HH,3.473
라라074653,127.581626,34.983037,404,2.4932,HH,3.15
라라074654,127.581626,34.983939,49,0.1452,HH,2.418
라라074667,127.581638,34.995662,0,0.0585,LL,-0.522
라라074668,127.581639,34.996564,13,0.0369,LL,-0.439
라라074680,127.58165,35.007384,0,0.0597,LL,-0.449
라라074681,127.581651,35.008286,0,0.067,LL,-0.535
라라074684,127.581653,35.010991,10,0.0361,LL,-0.4
라라074685,127.581654,35.011893,13,0.0417,LL,-0.485
라라074689,127.581658,35.0155,6,0.0,이웃없음,-0.246
라라074693,127.581661,35.019107,7,0.0277,LL,-0.251
라라075594,127.582668,34.929833,0,0.0725,LL,-0.514
라라075595,127.582669,34.930735,0,0.0725,LL,-0.514
라라075610,127.582682,34.944261,0,0.0708,LL,-0.559
라라075611,127.582683,34.945163,6,0.0578,LL,-0.475
라라075632,127.582702,34.9641,0,0.0858,LL,-0.709
라라075635,127.582705,34.966805,152,1.0688,HH,2.773
라라075636,127.582706,34.967707,77,0.4633,HH,3.49
라라075637,127.582707,34.968609,165,1.0535,HH,2.87
라라075638,127.582708,34.96951,137,0.5931,HH,2.083
라라075639,127.582708,34.970412,165,0.4948,HH,1.486
라라075640,127.582709,34.971314,143,0.5757,HH,1.853
라라075641,127.58271,34.972216,343,0.4426,HH,1.355
라라075642,127.582711,34.973117,121,0.1897,HH,0.927
라라075643,127.582712,34.974019,32,-0.001,LH,0.111
라라075644,127.582713,34.974921,28,0.0002,LL,-0.031
라라075646,127.582715,34.976724,8,-0.0508,LH,0.417
라라075647,127.582716,34.977626,105,0.0053,HH,0.226
라라075648,127.582717,34.978528,10,-0.0398,LH,0.431
라라075649,127.582718,34.97943,9,-0.0095,LH,0.042
라라075650,127.582718,34.980331,49,0.0453,HH,1.008
라라075651,127.582719,34.981233,124,0.7117,HH,2.714
라라075652,127.58272,34.982135,359,4.2489,HH,4.98
라라075653,127.582721,34.983037,262,3.0085,HH,4.741
라라075654,127.582722,34.983938,97,0.9039,HH,3.639
라라075661,127.582728,34.990251,27,0.0132,LL,-0.337
라라075662,127.582729,34.991152,10,0.0326,LL,-0.337
라라075667,127.582734,34.995661,8,0.0597,LL,-0.506
라라075683,127.582748,35.010089,22,0.0264,LL,-0.544
라라075684,127.582749,35.010991,12,0.0428,LL,-0.574
라라076594,127.583763,34.929833,12,0.054,LL,-0.514
라라076595,127.583764,34.930734,7,0.0626,LL,-0.514
라라076630,127.583796,34.962296,0,0.0889,LL,-0.516
라라076631,127.583797,34.963197,0,0.0889,LL,-0.667
라라076632,127.583798,34.964099,0,0.0889,LL,-0.596
라라076633,127.583798,34.965001,0,0.0889,LL,-0.596
라라076634,127.583799,34.965903,0,-0.2164,LH,1.166
라라076635,127.5838,34.966804,301,2.6894,HH,3.521
라라076636,127.583801,34.967706,380,3.2599,HH,3.911
라라076637,127.583802,34.968608,134,1.0094,HH,3.421
라라076638,127.583803,34.96951,93,0.3516,HH,2.025
라라076639,127.583804,34.970411,148,0.5769,HH,1.804
라라076641,127.583806,34.972215,8,-0.1638,LH,1.691
라라076642,127.583807,34.973117,43,0.038,HH,1.405
라라076643,127.583808,34.974018,41,0.014,HH,0.685
라라076644,127.583809,34.97492,61,0.0276,HH,0.379
라라076645,127.583809,34.975822,58,0.0114,HH,0.211
라라076646,127.58381,34.976724,46,0.0218,HH,0.578
라라076647,127.583811,34.977625,59,0.0293,HH,0.44
라라076648,127.583812,34.978527,45,0.0215,HH,0.662
라라076649,127.583813,34.979429,73,0.0147,HH,0.229
라라076650,127.583814,34.980331,59,0.0848,HH,1.14
라라076651,127.583815,34.981232,160,0.9394,HH,2.674
라라076652,127.583816,34.982134,224,2.1364,HH,4.029
라라076653,127.583817,34.983036,242,3.1294,HH,5.257
라라076654,127.583818,34.983938,184,2.3518,HH,4.246
라라076661,127.583824,34.99025,7,0.0436,LL,-0.435
라라076662,127.583825,34.991152,16,0.0274,LL,-0.337
라라076667,127.58383,34.99566,0,0.082,LL,-0.562
라라076682,127.583843,35.009186,0,0.0605,LL,-0.407
라라076683,127.583844,35.010088,0,0.0612,LL,-0.501
라라076684,127.583845,35.01099,9,0.0495,LL,-0.501
라라076685,127.583846,35.011892,0,0.0618,LL,-0.412
라라077607,127.58487,34.941555,0,0.0889,LL,-0.422
라라077609,127.584872,34.943358,7,0.0416,LL,-0.419
라라077610,127.584872,34.94426,0,0.0559,LL,-0.505
라라077611,127.584873,34.945162,0,0.0682,LL,-0.543
라라077612,127.584874,34.946063,0,0.0889,LL,-0.516
라라077616,127.584878,34.94967,0,0.0889,LL,-0.422
라라077630,127.584891,34.962295,0,0.0889,LL,-0.596
라라077635,127.584896,34.966804,21,-0.1877,LH,3.24
라라077636,127.584897,34.967705,388,2.9277,HH,3.455
라라077637,127.584898,34.968607,49,0.1424,HH,3.075
라라077638,127.584898,34.969509,74,0.1935,HH,1.627
라라077639,127.584899,34.970411,48,0.0596,HH,1.306
라라077640,127.5849,34.971312,58,0.0673,HH,0.893
라라077641,127.584901,34.972214,49,0.0231,HH,0.501
라라077642,127.584902,34.973116,64,0.054,HH,0.65
라라077643,127.584903,34.974018,97,0.1003,HH,0.676
라라077644,127.584904,34.974919,61,0.0423,HH,0.569
라라077645,127.584905,34.975821,22,-0.0161,LH,0.362
라라077646,127.584906,34.976723,61,0.0369,HH,0.506
라라077647,127.584907,34.977625,106,0.1141,HH,0.699
라라077648,127.584908,34.978526,23,-0.0367,LH,0.953
라라077649,127.584909,34.979428,110,0.1156,HH,0.67
라라077650,127.58491,34.98033,12,-0.096,LH,1.047
라라077651,127.584911,34.981232,110,0.4775,HH,1.761
라라077652,127.584912,34.982133,141,1.0329,HH,2.668
라라077653,127.584912,34.983035,86,0.8902,HH,4.267
라라077654,127.584913,34.983937,539,5.1289,HH,3.946
라라077660,127.584919,34.989347,0,0.0605,LL,-0.407
라라077666,127.584925,34.994758,0,0.0889,LL,-0.596
라라077667,127.584925,34.99566,0,0.0889,LL,-0.667
라라077688,127.584945,35.014596,0,0.0828,LL,-0.566
라라077710,127.584966,35.034434,14,0.0492,LL,-0.506
라라077711,127.584966,35.035336,0,0.0708,LL,-0.506
라라078608,127.585966,34.942456,0,0.0644,LL,-0.603
라라078609,127.585967,34.943357,25,0.0134,LL,-0.434
라라078610,127.585968,34.944259,32,0.0037,LL,-0.434
라라078611,127.585969,34.945161,0,0.0492,LL,-0.459
라라078615,127.585972,34.948768,0,0.0889,LL,-0.422
라라078629,127.585985,34.961392,0,0.0889,LL,-0.516
라라078636,127.585992,34.967705,35,0.0028,HH,1.469
라라078637,127.585993,34.968606,98,0.3461,HH,1.867
라라078638,127.585994,34.969508,126,0.2272,HH,1.031
라라078639,127.585995,34.97041,105,0.1112,HH,0.691
라라078640,127.585996,34.971312,51,0.0237,HH,0.492
라라078641,127.585997,34.972213,101,0.0993,HH,0.653
라라078642,127.585998,34.973115,66,0.0908,HH,0.982
라라078643,127.585999,34.974017,67,0.0752,HH,0.809
라라078644,127.586,34.974919,45,0.0186,HH,0.578
라라078645,127.586001,34.97582,56,0.0187,HH,0.33
라라078646,127.586001,34.976722,26,-0.014,LH,0.483
라라078647,127.586002,34.977624,52,0.0317,HH,0.61
라라078648,127.586003,34.978526,135,0.1529,HH,0.76
라라078649,127.586004,34.979427,38,0.0056,HH,0.433
라라078657,127.586012,34.986641,0,0.0622,LL,-0.462
라라078658,127.586013,34.987543,31,0.0077,LL,-0.398
라라078659,127.586014,34.988445,15,0.0277,LL,-0.287
라라078667,127.586021,34.995659,0,0.0889,LL,-0.596
라라078668,127.586022,34.996561,0,0.0889,LL,-0.516
라라078687,127.58604,35.013694,0,0.078,LL,-0.656
라라078688,127.586041,35.014595,0,0.0775,LL,-0.653
라라078689,127.586042,35.015497,7,0.0606,LL,-0.501
라라078710,127.586062,35.034434,7,0.0612,LL,-0.506
라라078711,127.586063,35.035335,0,0.0708,LL,-0.506
라라079602,127.587055,34.937044,7,0.0708,LL,-0.481
라라079607,127.58706,34.941553,0,0.0719,LL,-0.614
라라079608,127.587061,34.942455,0,0.0568,LL,-0.578
라라079609,127.587062,34.943357,25,0.0102,LL,-0.359
라라079610,127.587063,34.944258,45,-0.0137,HL,-0.342
라라079629,127.587081,34.961392,0,0.0768,LL,-0.536
라라079634,127.587086,34.9659,0,0.0828,LL,-0.566
라라079636,127.587087,34.967704,20,-0.0105,LH,0.12
라라079637,127.587088,34.968606,80,0.075,HH,0.612
라라079638,127.587089,34.969507,88,0.0919,HH,0.685
라라079639,127.58709,34.970409,0,-0.056,LH,0.402
라라079640,127.587091,34.971311,0,-0.0515,LH,0.362
라라079641,127.587092,34.972213,69,0.0589,HH,0.627
라라079642,127.587093,34.973114,79,0.1229,HH,0.982
라라079643,127.587094,34.974016,59,0.0537,HH,0.748
라라079644,127.587095,34.974918,53,0.0328,HH,0.601
라라079645,127.587096,34.97582,51,0.0203,HH,0.428
라라079646,127.587097,34.976721,50,0.0211,HH,0.466
라라079647,127.587098,34.977623,54,0.036,HH,0.627
라라079648,127.587099,34.978525,15,-0.0355,LH,0.506
라라079649,127.5871,34.979427,41,0.01,HH,0.423
라라079652,127.587103,34.982132,0,-0.0571,LH,0.138
라라079654,127.587105,34.983935,12,0.0185,LL,-0.222
라라079656,127.587107,34.985739,0,0.0614,LL,-0.458
라라079657,127.587108,34.986641,0,0.0483,LL,-0.423
라라079681,127.58713,35.008282,0,0.0,이웃없음,-0.298
라라079685,127.587134,35.011889,0,0.0579,LL,-0.441
라라079686,127.587135,35.012791,6,0.0606,LL,-0.604
라라079687,127.587136,35.013693,0,0.0644,LL,-0.603
라라079688,127.587137,35.014595,15,0.0464,LL,-0.632
라라080601,127.588149,34.936142,0,0.0753,LL,-0.586
라라080602,127.58815,34.937044,0,0.078,LL,-0.656
라라080606,127.588154,34.940651,11,0.056,LL,-0.646
라라080607,127.588155,34.941552,0,0.0691,LL,-0.639
라라080608,127.588156,34.942454,22,0.026,LL,-0.587
라라080609,127.588157,34.943356,15,0.0211,LL,-0.348
라라080610,127.588158,34.944258,22,0.0162,LL,-0.381
라라080611,127.588159,34.945159,0,0.0379,LL,-0.381
라라080613,127.588161,34.946963,21,0.0203,LL,-0.32
라라080627,127.588174,34.959587,21,0.0301,LL,-0.445
라라080628,127.588175,34.960489,0,0.0663,LL,-0.532
라라080630,127.588177,34.962293,14,0.0528,LL,-0.447
라라080633,127.58818,34.964998,0,0.0798,LL,-0.481
라라080634,127.588181,34.9659,7,0.0708,LL,-0.566
라라080635,127.588182,34.966801,0,0.0657,LL,-0.48
라라080637,127.588184,34.968605,8,-0.0283,LH,0.159
라라080638,127.588185,34.969507,21,-0.0009,LH,-0.021
라라080639,127.588186,34.970408,22,0.0052,LL,-0.166
라라080640,127.588187,34.97131,37,-0.001,HL,-0.117
라라080641,127.588188,34.972212,51,0.0177,HH,0.379
라라080642,127.588189,34.973114,74,0.0841,HH,0.771
라라080643,127.58819,34.974015,85,0.0905,HH,0.699
라라080644,127.588191,34.974917,42,0.0154,HH,0.656
라라080645,127.588192,34.975819,61,0.0512,HH,0.673
라라080646,127.588193,34.976721,75,0.0869,HH,0.78
라라080647,127.588194,34.977622,47,0.033,HH,0.852
라라080648,127.588195,34.978524,74,0.0622,HH,0.572
라라080649,127.588195,34.979426,30,-0.0069,LH,0.387
라라080650,127.588196,34.980328,38,0.0047,HH,0.332
라라080651,127.588197,34.981229,139,-0.0728,HL,0.159
라라080652,127.588198,34.982131,23,-0.0023,LH,0.015
라라080653,127.588199,34.983033,8,0.0281,LL,-0.385
라라080654,127.5882,34.983935,39,-0.0074,HL,-0.374
라라080656,127.588202,34.985738,32,0.0041,LL,-0.354
라라080685,127.58823,35.011889,0,0.0579,LL,-0.441
라라080686,127.588231,35.01279,30,0.0111,LL,-0.528
라라080688,127.588233,35.014594,6,0.0527,LL,-0.493
라라081601,127.589244,34.936141,14,0.0493,LL,-0.578
라라081602,127.589245,34.937043,0,0.077,LL,-0.649
라라081603,127.589246,34.937945,0,0.0811,LL,-0.557
라라081605,127.589248,34.939748,0,0.0644,LL,-0.52
라라081606,127.589249,34.94065,13,0.0496,LL,-0.728
라라081607,127.58925,34.941552,0,0.0631,LL,-0.593
라라081610,127.589253,34.944257,6,0.0473,LL,-0.454
라라081611,127.589254,34.945159,12,0.0403,LL,-0.458
라라081612,127.589255,34.94606,14,0.0338,LL,-0.462
라라081613,127.589256,34.946962,29,0.0108,LL,-0.483
라라081614,127.589257,34.947864,0,0.0528,LL,-0.45
라라081627,127.58927,34.959587,6,0.056,LL,-0.565
라라081628,127.589271,34.960488,8,0.0549,LL,-0.532
라라081630,127.589273,34.962292,0,0.0528,LL,-0.336
라라081638,127.58928,34.969506,35,-0.0008,HL,-0.433
라라081639,127.589281,34.970408,15,0.0204,LL,-0.379
라라081640,127.589282,34.971309,35,-0.0004,HL,-0.232
라라081641,127.589283,34.972211,41,0.0025,HH,0.14
라라081642,127.589284,34.973113,56,0.0281,HH,0.466
라라081643,127.589285,34.974015,64,0.0479,HH,0.587
라라081644,127.589286,34.974916,41,0.0151,HH,0.734
라라081645,127.589287,34.975818,82,0.098,HH,0.774
라라081646,127.589288,34.97672,89,0.1495,HH,1.005
라라081647,127.589289,34.977622,72,0.1694,HH,1.504
라라081648,127.58929,34.978523,130,0.2908,HH,1.165
라라081650,127.589292,34.980327,32,-0.0026,LH,0.27
라라081651,127.589293,34.981228,21,-0.0274,LH,0.541
라라081652,127.589294,34.98213,37,0.0035,HH,0.407
라라081653,127.589295,34.983032,18,0.004,LL,-0.119
라라081654,127.589296,34.983934,13,0.035,LL,-0.498
라라081655,127.589297,34.984835,11,0.0217,LL,-0.336
라라081656,127.589298,34.985737,38,-0.0039,HL,-0.251
라라081666,127.589308,34.994755,0,0.0889,LL,-0.422
라라081667,127.589309,34.995656,0,0.0889,LL,-0.422
라라081682,127.589323,35.009183,11,0.0553,LL,-0.432
라라081683,127.589324,35.010084,0,0.067,LL,-0.432
라라081688,127.589329,35.014593,7,0.0421,LL,-0.385
라라081689,127.58933,35.015495,17,0.0276,LL,-0.434
라라081690,127.589331,35.016396,10,0.0368,LL,-0.441
라라081691,127.589332,35.017298,0,0.0564,LL,-0.508
라라081692,127.589333,35.0182,11,0.0524,LL,-0.611
라라081693,127.589334,35.019102,0,0.0691,LL,-0.497
라라082602,127.59034,34.937042,9,0.0568,LL,-0.497
라라082605,127.590343,34.939747,0,0.0657,LL,-0.48
라라082606,127.590344,34.940649,14,0.0488,LL,-0.635
라라082607,127.590345,34.941551,0,0.0657,LL,-0.48
라라082613,127.590351,34.946961,0,0.0573,LL,-0.477
라라082614,127.590352,34.947863,6,0.0528,LL,-0.445
라라082626,127.590364,34.958684,12,0.0546,LL,-0.519
라라082627,127.590365,34.959586,0,0.0721,LL,-0.566
라라082638,127.590376,34.969505,0,0.0391,LL,-0.346
라라082639,127.590377,34.970407,8,0.0293,LL,-0.377
라라082640,127.590378,34.971308,6,0.009,LL,-0.177
라라082641,127.590379,34.97221,15,-0.008,LH,0.071
라라082642,127.59038,34.973112,44,0.01,HH,0.353
라라082643,127.590381,34.974014,42,0.0116,HH,0.5
라라082644,127.590382,34.974915,66,0.0717,HH,0.794
라라082645,127.590383,34.975817,82,0.1135,HH,0.875
라라082646,127.590384,34.976719,41,0.0249,HH,1.204
라라082647,127.590385,34.977621,110,0.4115,HH,1.901
라라082648,127.590386,34.978522,194,0.7443,HH,1.747
라라082649,127.590387,34.979424,0,-0.2434,LH,1.328
라라082651,127.590389,34.981228,64,0.0301,HH,0.364
라라082652,127.59039,34.982129,99,0.0265,HH,0.319
라라082654,127.590392,34.983933,0,0.0618,LL,-0.504
라라082655,127.590393,34.984835,0,0.0399,LL,-0.395
라라082656,127.590394,34.985736,33,0.002,LL,-0.321
라라082657,127.590395,34.986638,22,0.0128,LL,-0.261
라라082658,127.590396,34.98754,0,0.0451,LL,-0.347
라라082678,127.590415,35.005575,0,0.0,이웃없음,-0.298
라라082682,127.590419,35.009182,6,0.0617,LL,-0.432
라라082689,127.590426,35.015494,19,0.0228,LL,-0.365
라라082690,127.590427,35.016396,25,0.0177,LL,-0.521
라라082691,127.590428,35.017297,11,0.0453,LL,-0.583
라라082692,127.590429,35.018199,6,0.0628,LL,-0.718
라라082693,127.59043,35.019101,6,0.0606,LL,-0.551
라라082695,127.590432,35.020904,0,0.0682,LL,-0.373
라라082696,127.590433,35.021806,8,0.0682,LL,-0.476
라라082701,127.590438,35.026315,0,0.0,이웃없음,-0.298
라라082708,127.590445,35.032627,0,0.0889,LL,-0.422
라라082709,127.590446,35.033529,0,0.0889,LL,-0.422
라라083627,127.59146,34.959585,0,0.0734,LL,-0.457
라라083640,127.591473,34.971308,27,-0.0002,LH,-0.018
라라083641,127.591474,34.972209,71,0.0102,HH,0.192
라라083642,127.591475,34.973111,40,0.0059,HH,0.347
라라083643,127.591476,34.974013,60,0.0631,HH,0.838
라라083644,127.591477,34.974915,71,0.106,HH,1.002
라라083645,127.591478,34.975816,78,0.1315,HH,1.06
라라083646,127.591479,34.976718,64,0.1633,HH,1.795
라라083647,127.59148,34.97762,110,0.5898,HH,2.631
라라083648,127.591481,34.978522,160,1.0838,HH,2.678
라라083651,127.591484,34.981227,13,-0.0784,LH,0.54
라라083652,127.591485,34.982129,87,0.0947,HH,0.54
라라083657,127.59149,34.986637,12,0.0272,LL,-0.307
라라083666,127.591499,34.994753,0,0.0889,LL,-0.422
라라083667,127.5915,34.995655,0,0.0889,LL,-0.422
라라083672,127.591505,35.000163,0,0.0,이웃없음,-0.298
라라083691,127.591524,35.017297,0,0.0618,LL,-0.504
라라083693,127.591526,35.0191,7,0.0585,LL,-0.422
라라083697,127.59153,35.022707,0,0.0682,LL,-0.373
라라083717,127.591551,35.040742,0,0.0,이웃없음,-0.298
라라083720,127.591554,35.043447,0,0.0541,LL,-0.382
라라083724,127.591558,35.047054,9,0.0,이웃없음,-0.22
라라083729,127.591563,35.051563,0,0.0,이웃없음,-0.298
라라084618,127.592546,34.951468,0,0.0695,LL,-0.551
라라084619,127.592547,34.95237,7,0.0335,LL,-0.385
라라084620,127.592548,34.953272,42,-0.0092,HL,-0.265
라라084621,127.592549,34.954174,29,0.0041,LL,-0.194
라라084622,127.59255,34.955075,22,0.0129,LL,-0.233
라라084640,127.592569,34.971307,55,0.0054,HH,0.133
라라084641,127.59257,34.972209,54,0.008,HH,0.177
라라084642,127.592571,34.97311,65,0.0304,HH,0.361
라라084643,127.592572,34.974012,40,0.0153,HH,0.75
라라084644,127.592573,34.974914,173,0.2534,HH,0.921
라라084645,127.592574,34.975816,46,0.0364,HH,0.868
라라084646,127.592575,34.976717,57,0.1007,HH,1.351
라라084647,127.592576,34.977619,345,1.025,HH,1.896
라라084648,127.592577,34.978521,142,0.9571,HH,2.26
라라084689,127.592619,35.015492,6,0.0734,LL,-0.486
라라084690,127.59262,35.016394,0,0.0837,LL,-0.57
라라084703,127.592633,35.028117,0,0.0889,LL,-0.422
라라084708,127.592638,35.032625,0,0.0,이웃없음,-0.298
라라084720,127.59265,35.043446,12,0.0445,LL,-0.441
라라084721,127.592651,35.044348,15,0.0386,LL,-0.485
라라085617,127.593641,34.950566,0,0.0747,LL,-0.462
라라085618,127.593642,34.951468,11,0.0522,LL,-0.551
라라085619,127.593643,34.952369,12,0.0291,LL,-0.385
라라085620,127.593644,34.953271,26,0.0084,LL,-0.265
라라085621,127.593645,34.954173,16,0.0101,LL,-0.194
라라085622,127.593646,34.955075,17,0.0159,LL,-0.233
라라085640,127.593664,34.971306,0,-0.0515,LH,0.027
라라085642,127.593666,34.973109,22,-0.0173,LH,0.186
라라085646,127.59367,34.976716,18,-0.0955,LH,1.135
라라085647,127.593671,34.977618,0,-0.273,LH,1.506
라라085660,127.593685,34.989341,0,0.0,이웃없음,-0.298
라라085689,127.593715,35.015491,0,0.0811,LL,-0.486
라라085703,127.593729,35.028116,0,0.0889,LL,-0.422
라라085705,127.593731,35.029919,0,0.0,이웃없음,-0.298
라라085721,127.593748,35.044347,9,0.0476,LL,-0.485
라라085722,127.593749,35.045249,11,0.0465,LL,-0.445
라라086557,127.594674,34.89646,0,0.0,이웃없음,-0.298
라라086624,127.594743,34.956877,6,0.0564,LL,-0.407
라라086686,127.594808,35.012785,0,0.0,이웃없음,-0.298
라라086722,127.594845,35.045248,0,0.0631,LL,-0.417
라라086788,127.594914,35.104762,0,0.0889,LL,-0.516
라라087624,127.595838,34.956876,7,0.038,LL,-0.423
라라087625,127.595839,34.957778,9,0.0343,LL,-0.377
라라087653,127.595869,34.983027,0,0.0889,LL,-0.422
라라087689,127.595907,35.01549,0,0.0631,LL,-0.467
라라087690,127.595908,35.016391,0,0.0695,LL,-0.551
라라087746,127.595967,35.066889,0,0.0,이웃없음,-0.298
라라087770,127.595992,35.08853,0,0.0751,LL,-0.527
라라087771,127.595993,35.089432,0,0.0751,LL,-0.527
라라087774,127.595996,35.092137,0,0.0889,LL,-0.596
라라087776,127.595999,35.093941,0,0.0889,LL,-0.516
라라087785,127.596008,35.102056,9,0.0657,LL,-0.557
라라087786,127.596009,35.102958,0,0.0811,LL,-0.557
라라087787,127.59601,35.10386,0,0.0889,LL,-0.596
라라087788,127.596011,35.104761,0,0.0889,LL,-0.516
라라088623,127.596933,34.955974,12,0.0231,LL,-0.3
라라088624,127.596934,34.956875,34,0.0008,LL,-0.44
라라088625,127.596935,34.957777,19,0.0196,LL,-0.353
라라088631,127.596941,34.963188,0,0.0,이웃없음,-0.298
라라088653,127.596965,34.983026,0,0.0889,LL,-0.422
라라088655,127.596967,34.98483,0,0.0,이웃없음,-0.298
라라088657,127.596969,34.986633,0,0.0,이웃없음,-0.298
라라088660,127.596972,34.989338,0,0.0682,LL,-0.437
라라088689,127.597003,35.015489,15,0.0392,LL,-0.544
라라088690,127.597004,35.016391,15,0.0412,LL,-0.568
라라088691,127.597005,35.017292,0,0.0695,LL,-0.442
라라088722,127.597038,35.045246,16,0.038,LL,-0.367
라라088743,127.59706,35.064183,0,0.0889,LL,-0.422
라라088770,127.597089,35.088529,9,0.063,LL,-0.674
라라088771,127.59709,35.089431,7,0.0662,LL,-0.605
라라088773,127.597092,35.091235,0,0.0889,LL,-0.516
라라088774,127.597093,35.092136,0,0.0889,LL,-0.667
라라088775,127.597095,35.093038,0,0.0889,LL,-0.731
라라088776,127.597096,35.09394,0,0.0889,LL,-0.596
라라088778,127.597098,35.095743,0,0.0889,LL,-0.422
라라088779,127.597099,35.096645,0,0.0889,LL,-0.516
라라088781,127.597101,35.098448,0,0.0889,LL,-0.596
라라088782,127.597102,35.09935,0,0.0889,LL,-0.596
라라088784,127.597104,35.101154,0,0.0842,LL,-0.699
라라088785,127.597105,35.102055,0,0.085,LL,-0.76
라라089623,127.598028,34.955973,13,0.0253,LL,-0.327
라라089624,127.598029,34.956875,29,0.0082,LL,-0.41
라라089625,127.59803,34.957776,9,0.0266,LL,-0.315
라라089633,127.598039,34.96499,0,0.0,이웃없음,-0.298
라라089642,127.598048,34.973106,0,0.0,이웃없음,-0.298
라라089651,127.598058,34.981222,0,0.0889,LL,-0.422
라라089660,127.598068,34.989337,9,0.0523,LL,-0.467
라라089661,127.598069,34.990239,7,0.0146,LL,-0.222
라라089662,127.59807,34.991141,20,-0.0077,LH,0.074
라라089663,127.598071,34.992043,43,0.0128,HH,0.298
라라089685,127.598095,35.011881,0,0.0,이웃없음,-0.298
라라089687,127.598097,35.013684,0,0.0708,LL,-0.379
라라089688,127.598098,35.014586,7,0.0496,LL,-0.432
라라089689,127.598099,35.015488,16,0.0306,LL,-0.367
라라089722,127.598134,35.045245,14,0.0421,LL,-0.558
라라089723,127.598136,35.046147,0,0.0585,LL,-0.522
라라089726,127.598139,35.048852,6,0.0,이웃없음,-0.246
라라089729,127.598142,35.051557,0,0.0889,LL,-0.422
라라089739,127.598153,35.060575,0,0.0,이웃없음,-0.298
라라089741,127.598155,35.062378,0,0.0889,LL,-0.422
라라089742,127.598156,35.06328,0,0.0889,LL,-0.516
라라089769,127.598185,35.087627,0,0.0811,LL,-0.557
라라089771,127.598187,35.08943,0,0.0682,LL,-0.437
라라089775,127.598192,35.093037,0,0.0837,LL,-0.695
라라089780,127.598197,35.097546,0,0.0889,LL,-0.667
라라089781,127.598198,35.098448,0,0.0889,LL,-0.596
라라089783,127.5982,35.100251,0,0.0889,LL,-0.667
라라089784,127.598201,35.101153,0,0.0858,LL,-0.766
라라089785,127.598202,35.102054,0,0.0858,LL,-0.766
라라089786,127.598204,35.102956,0,0.0828,LL,-0.566
라라090624,127.599124,34.956874,0,0.0451,LL,-0.376
라라090636,127.599137,34.967695,0,0.0,이웃없음,-0.298
라라090651,127.599154,34.981221,0,0.0889,LL,-0.516
라라090661,127.599164,34.990238,14,0.0047,LL,-0.127
라라090662,127.599166,34.99114,94,-0.0441,HL,-0.031
라라090663,127.599167,34.992042,50,0.0052,HH,0.134
라라090721,127.59923,35.044343,0,0.0567,LL,-0.392
라라090722,127.599231,35.045244,11,0.0528,LL,-0.614
라라090723,127.599232,35.046146,8,0.0544,LL,-0.579
라라090724,127.599233,35.047048,10,0.053,LL,-0.543
라라090729,127.599239,35.051557,0,0.0889,LL,-0.596
라라090731,127.599241,35.05336,0,0.0889,LL,-0.516
라라090732,127.599242,35.054262,0,0.0889,LL,-0.516
라라090768,127.599281,35.086724,0,0.0828,LL,-0.566
라라090769,127.599282,35.087626,0,0.0828,LL,-0.566
라라090775,127.599289,35.093036,10,0.0631,LL,-0.467
라라090776,127.59929,35.093938,0,0.0803,LL,-0.553
라라090779,127.599293,35.096643,0,0.0889,LL,-0.516
라라090784,127.599299,35.101152,0,0.0843,LL,-0.64
라라090785,127.5993,35.102054,7,0.0708,LL,-0.64
라라091652,127.60025,34.982122,0,0.0889,LL,-0.422
라라091662,127.600261,34.991139,27,-0.0043,LH,0.091
라라091663,127.600262,34.992041,11,-0.0145,LH,0.037
라라091723,127.600328,35.046145,0,0.064,LL,-0.471
라라091725,127.600331,35.047949,14,0.044,LL,-0.524
라라091726,127.600332,35.04885,0,0.0657,LL,-0.48
라라091729,127.600335,35.051556,0,0.0889,LL,-0.516
라라091730,127.600336,35.052457,0,0.0889,LL,-0.596
라라091733,127.60034,35.055163,0,0.0889,LL,-0.422
라라091765,127.600375,35.084018,0,0.0,이웃없음,-0.298
라라091769,127.600379,35.087625,7,0.0708,LL,-0.481
라라091777,127.600388,35.094839,0,0.0889,LL,-0.596
라라091778,127.600389,35.095741,0,0.0889,LL,-0.667
라라091787,127.600399,35.103856,0,0.0,이웃없음,-0.298
라라091789,127.600401,35.10566,0,0.0889,LL,-0.422
라라092629,127.60132,34.961381,0,0.0,이웃없음,-0.298
라라092634,127.601326,34.965889,12,0.0529,LL,-0.427
라라092635,127.601327,34.966791,0,0.0657,LL,-0.427
라라092648,127.601342,34.978514,0,0.0,이웃없음,-0.298
라라092655,127.601349,34.984826,12,0.0,이웃없음,-0.194
라라092657,127.601352,34.98663,0,0.0,이웃없음,-0.298
라라092664,127.601359,34.992942,0,0.0657,LL,-0.427
라라092669,127.601365,34.99745,0,0.0889,LL,-0.422
라라092725,127.601427,35.047948,13,0.0498,LL,-0.562
라라092726,127.601428,35.04885,0,0.0657,LL,-0.48
라라092757,127.601463,35.076803,0,0.0682,LL,-0.437
라라092778,127.601486,35.09574,0,0.0889,LL,-0.596
라라092779,127.601487,35.096641,0,0.0889,LL,-0.596
라라092789,127.601499,35.105659,0,0.0889,LL,-0.422
라라093634,127.602421,34.965888,6,0.0493,LL,-0.423
라라093638,127.602426,34.969495,0,0.0,이웃없음,-0.298
라라093651,127.60244,34.981218,0,0.0,이웃없음,-0.298
라라093661,127.602452,34.990236,16,0.0414,LL,-0.392
라라093662,127.602453,34.991137,9,0.0352,LL,-0.269
라라093665,127.602456,34.993843,7,0.0677,LL,-0.617
라라093666,127.602457,34.994744,6,0.0684,LL,-0.54
라라093667,127.602458,34.995646,0,0.0777,LL,-0.54
라라093670,127.602462,34.998351,0,0.065,LL,-0.524
라라093671,127.602463,34.999253,20,0.0292,LL,-0.474
라라093672,127.602464,35.000155,19,0.027,LL,-0.466
라라093673,127.602465,35.001056,15,0.0371,LL,-0.47
라라093674,127.602466,35.001958,7,0.0537,LL,-0.458
라라093720,127.602518,35.043438,0,0.0,이웃없음,-0.298
라라093723,127.602521,35.046143,0,0.0889,LL,-0.422
라라093724,127.602523,35.047045,0,0.0721,LL,-0.452
라라093757,127.60256,35.076802,9,0.0523,LL,-0.524
라라093758,127.602561,35.077704,7,0.0552,LL,-0.572
라라093763,127.602567,35.082213,0,0.0,이웃없음,-0.298
라라093780,127.602586,35.097542,0,0.0889,LL,-0.516
라라094630,127.603512,34.96228,0,0.0889,LL,-0.422
라라094631,127.603513,34.963182,0,0.0811,LL,-0.486
라라094632,127.603515,34.964084,6,0.0457,LL,-0.402
라라094633,127.603516,34.964986,22,0.0217,LL,-0.408
라라094643,127.603527,34.974003,0,0.033,LL,-0.315
라라094644,127.603528,34.974905,31,0.0063,LL,-0.441
라라094645,127.603529,34.975807,17,0.0238,LL,-0.35
라라094649,127.603534,34.979414,0,0.0,이웃없음,-0.298
라라094654,127.603539,34.983922,0,0.0708,LL,-0.379
라라094660,127.603546,34.989333,0,0.064,LL,-0.471
라라094664,127.603551,34.99294,0,0.0708,LL,-0.379
라라094666,127.603553,34.994743,0,0.0777,LL,-0.54
라라094668,127.603555,34.996547,7,0.0667,LL,-0.54
라라094669,127.603557,34.997449,6,0.0697,LL,-0.617
라라094671,127.603559,34.999252,11,0.0491,LL,-0.626
라라094672,127.60356,35.000154,0,0.0535,LL,-0.55
라라094673,127.603561,35.001056,10,0.0448,LL,-0.599
라라094675,127.603563,35.002859,0,0.0695,LL,-0.442
라라094681,127.60357,35.008269,6,0.0394,LL,-0.327
라라094682,127.603571,35.009171,12,0.0434,LL,-0.432
라라094711,127.603604,35.035322,0,0.0,이웃없음,-0.298
라라094718,127.603612,35.041634,0,0.0889,LL,-0.516
라라094757,127.603657,35.076801,7,0.0585,LL,-0.6
라라094758,127.603658,35.077703,14,0.0449,LL,-0.642
라라094759,127.603659,35.078605,8,0.0579,LL,-0.555
라라094760,127.60366,35.079507,0,0.082,LL,-0.562
라라094779,127.603682,35.09664,0,0.0889,LL,-0.422
라라095633,127.604611,34.964985,17,0.0263,LL,-0.416
라라095634,127.604612,34.965887,16,0.0291,LL,-0.438
라라095638,127.604617,34.969494,0,0.0,이웃없음,-0.298
라라095643,127.604623,34.974002,0,0.0391,LL,-0.41
라라095644,127.604624,34.974904,34,0.0009,LL,-0.552
라라095645,127.604625,34.975806,0,0.0464,LL,-0.466
라라095646,127.604626,34.976708,0,0.0743,LL,-0.523
라라095651,127.604632,34.981216,0,0.0,이웃없음,-0.298
라라095655,127.604636,34.984823,7,0.0633,LL,-0.519
라라095658,127.60464,34.987528,0,0.0571,LL,-0.436
라라095659,127.604641,34.98843,6,0.0599,LL,-0.645
라라095660,127.604642,34.989332,7,0.0518,LL,-0.497
라라095668,127.604651,34.996546,0,0.0721,LL,-0.452
라라095670,127.604654,34.998349,0,0.067,LL,-0.432
라라095672,127.604656,35.000153,0,0.0672,LL,-0.582
라라095673,127.604657,35.001055,21,0.0311,LL,-0.593
라라095674,127.604658,35.001956,8,0.0529,LL,-0.516
라라095682,127.604667,35.00917,20,0.0254,LL,-0.508
라라095683,127.604668,35.010072,0,0.0476,LL,-0.448
라라095684,127.60467,35.010974,0,0.0541,LL,-0.382
라라095690,127.604676,35.016384,0,0.0889,LL,-0.422
라라095708,127.604697,35.032616,0,0.0811,LL,-0.486
라라095717,127.604708,35.040731,0,0.0889,LL,-0.596
라라095718,127.604709,35.041633,0,0.0889,LL,-0.516
라라095755,127.604751,35.074997,0,0.0889,LL,-0.516
라라095756,127.604752,35.075899,0,0.0852,LL,-0.706
라라095757,127.604754,35.076801,0,0.0753,LL,-0.586
라라095759,127.604756,35.078604,0,0.0747,LL,-0.582
라라095761,127.604758,35.080407,0,0.0889,LL,-0.516
라라095833,127.604841,35.145332,0,0.0,이웃없음,-0.298
라라096595,127.605663,34.930717,0,0.0889,LL,-0.422
라라096605,127.605674,34.939735,0,0.0889,LL,-0.516
라라096606,127.605675,34.940637,0,0.0889,LL,-0.516
라라096608,127.605678,34.94244,0,0.0,이웃없음,-0.298
라라096610,127.60568,34.944244,0,0.0,이웃없음,-0.298
라라096614,127.605684,34.947851,0,0.0889,LL,-0.516
라라096633,127.605706,34.964984,0,0.0365,LL,-0.333
라라096634,127.605708,34.965886,28,0.0127,LL,-0.431
라라096635,127.605709,34.966787,0,0.0511,LL,-0.406
라라096641,127.605716,34.972198,10,0.0256,LL,-0.311
라라096642,127.605717,34.9731,14,0.0252,LL,-0.39
라라096643,127.605718,34.974001,20,0.0171,LL,-0.382
라라096644,127.605719,34.974903,17,0.0282,LL,-0.549
라라096645,127.60572,34.975805,0,0.0562,LL,-0.541
라라096655,127.605732,34.984822,0,0.0657,LL,-0.427
라라096656,127.605733,34.985724,11,0.0544,LL,-0.427
라라096658,127.605735,34.987528,0,0.065,LL,-0.524
라라096659,127.605737,34.988429,31,0.0084,LL,-0.645
라라096660,127.605738,34.989331,0,0.0605,LL,-0.497
라라096673,127.605753,35.001054,0,0.064,LL,-0.471
라라096681,127.605762,35.008268,0,0.0537,LL,-0.419
라라096682,127.605763,35.009169,21,0.0245,LL,-0.521
라라096683,127.605764,35.010071,27,0.0149,LL,-0.593
라라096689,127.605771,35.015482,0,0.0889,LL,-0.516
라라096708,127.605793,35.032615,0,0.0837,LL,-0.57
라라096709,127.605795,35.033516,6,0.0734,LL,-0.57
라라096711,127.605797,35.03532,0,0.0511,LL,-0.406
라라096712,127.605798,35.036222,7,0.0486,LL,-0.515
라라096713,127.605799,35.037123,8,0.0333,LL,-0.333
라라096715,127.605802,35.038927,0,0.0889,LL,-0.422
라라096716,127.605803,35.039828,0,0.0889,LL,-0.516
라라096755,127.605848,35.074996,0,0.0889,LL,-0.596
라라096757,127.60585,35.0768,0,0.0889,LL,-0.516
라라096759,127.605853,35.078603,0,0.0889,LL,-0.422
라라096762,127.605856,35.081308,0,0.0889,LL,-0.422
라라097595,127.606757,34.930716,0,0.0889,LL,-0.422
라라097601,127.606764,34.936127,0,0.0,이웃없음,-0.298
라라097605,127.606769,34.939734,0,0.0889,LL,-0.516
라라097614,127.60678,34.94785,0,0.0889,LL,-0.516
라라097615,127.606781,34.948751,0,0.0889,LL,-0.516
라라097622,127.606789,34.955064,0,0.0889,LL,-0.422
라라097623,127.60679,34.955965,0,0.0811,LL,-0.486
라라097627,127.606795,34.959572,0,0.0889,LL,-0.516
라라097628,127.606796,34.960474,0,0.0889,LL,-0.516
라라097636,127.606805,34.967688,0,0.0889,LL,-0.516
라라097640,127.60681,34.971295,14,0.0219,LL,-0.325
라라097641,127.606811,34.972197,25,0.01,LL,-0.33
라라097642,127.606812,34.973099,29,0.0055,LL,-0.324
라라097643,127.606814,34.974,24,-0.0277,LH,0.786
라라097644,127.606815,34.974902,13,-0.0478,LH,0.624
라라097645,127.606816,34.975804,12,-0.0717,LH,0.763
라라097659,127.606832,34.988428,0,0.0622,LL,-0.462
라라097671,127.606846,34.999249,0,0.0,이웃없음,-0.298
라라097677,127.606853,35.00466,0,0.0,이웃없음,-0.298
라라097682,127.606859,35.009168,0,0.0489,LL,-0.427
라라097683,127.60686,35.01007,14,0.0381,LL,-0.512
라라097684,127.606862,35.010972,0,0.0537,LL,-0.419
라라097689,127.606867,35.015481,0,0.0889,LL,-0.516
라라097691,127.60687,35.017284,0,0.0889,LL,-0.422
라라097709,127.606891,35.033515,0,0.0811,LL,-0.486
라라097711,127.606893,35.035319,0,0.0569,LL,-0.512
라라097712,127.606894,35.036221,37,-0.0053,HL,-0.644
라라097713,127.606896,35.037122,9,0.0409,LL,-0.505
라라097719,127.606903,35.042533,0,0.0889,LL,-0.516
라라097754,127.606944,35.074093,0,0.0889,LL,-0.422
라라098607,127.607867,34.941536,0,0.0,이웃없음,-0.298
라라098617,127.607878,34.950554,0,0.0,이웃없음,-0.298
라라098624,127.607887,34.956866,6,0.0432,LL,-0.459
라라098625,127.607888,34.957768,0,0.0468,LL,-0.385
라라098627,127.60789,34.959571,0,0.0889,LL,-0.516
라라098635,127.6079,34.966785,0,0.0889,LL,-0.516
라라098639,127.607904,34.970392,15,0.036,LL,-0.458
라라098640,127.607906,34.971294,8,-0.0554,LH,0.462
라라098641,127.607907,34.972196,43,0.0989,HH,3.62
라라098642,127.607908,34.973098,25,-0.1375,LH,4.444
라라098643,127.607909,34.973999,8,-0.5947,LH,6.857
라라098644,127.60791,34.974901,433,2.9827,HH,3.461
라라098645,127.607911,34.975803,0,-0.3597,LH,2.883
라라098646,127.607913,34.976705,0,0.0605,LL,-0.497
라라098665,127.607935,34.993838,0,0.0889,LL,-0.596
라라098674,127.607946,35.001953,0,0.0,이웃없음,-0.298
라라098684,127.607958,35.010971,0,0.0708,LL,-0.447
라라098690,127.607965,35.016381,0,0.0889,LL,-0.596
라라098699,127.607975,35.024497,0,0.0,이웃없음,-0.298
라라098711,127.60799,35.035318,0,0.0534,LL,-0.454
라라098712,127.607991,35.03622,18,0.0319,LL,-0.605
라라098713,127.607992,35.037121,8,0.042,LL,-0.535
라라098714,127.607993,35.038023,0,0.0592,LL,-0.489
라라098718,127.607998,35.04163,0,0.0889,LL,-0.422
라라098720,127.608,35.043433,0,0.0889,LL,-0.422
라라099589,127.60894,34.925304,0,0.0,이웃없음,-0.298
라라099595,127.608947,34.930714,0,0.0,이웃없음,-0.298
라라099610,127.608965,34.944241,0,0.0889,LL,-0.516
라라099611,127.608966,34.945142,0,0.0889,LL,-0.596
라라099612,127.608968,34.946044,0,0.0889,LL,-0.667
라라099613,127.608969,34.946946,0,0.0766,LL,-0.593
라라099614,127.60897,34.947848,8,0.0584,LL,-0.559
라라099619,127.608976,34.952356,0,0.0438,LL,-0.342
라라099620,127.608977,34.953258,25,0.0161,LL,-0.388
라라099621,127.608978,34.95416,13,0.0181,LL,-0.275
라라099622,127.60898,34.955062,23,0.0088,LL,-0.222
라라099623,127.608981,34.955963,28,0.0078,LL,-0.307
라라099624,127.608982,34.956865,7,0.033,LL,-0.381
라라099625,127.608983,34.957767,36,-0.0033,HL,-0.45
라라099634,127.608994,34.965883,0,0.0889,LL,-0.516
라라099637,127.608997,34.968588,353,12.0521,HH,7.948
라라099638,127.608999,34.96949,9,-0.3883,LH,3.056
라라099640,127.609001,34.971293,8,-0.0321,LH,0.266
라라099641,127.609002,34.972195,270,3.5055,HH,5.277
라라099642,127.609003,34.973097,1144,17.2919,HH,8.013
라라099643,127.609005,34.973998,284,8.2823,HH,10.974
라라099644,127.609006,34.9749,729,9.9962,HH,6.249
라라099645,127.609007,34.975802,8,-0.3815,LH,3.695
라라099646,127.609008,34.976704,24,0.0255,LL,-0.543
라라099657,127.609021,34.986623,0,0.0768,LL,-0.536
라라099658,127.609023,34.987525,7,0.0636,LL,-0.447
라라099664,127.60903,34.992935,0,0.0779,LL,-0.601
라라099665,127.609031,34.993837,0,0.0816,LL,-0.734
라라099666,127.609032,34.994739,0,0.0779,LL,-0.601
라라099690,127.609061,35.01638,0,0.0889,LL,-0.667
라라099693,127.609064,35.019086,0,0.0,이웃없음,-0.298
라라099712,127.609087,35.036219,0,0.0695,LL,-0.642
라라099713,127.609088,35.03712,6,0.0569,LL,-0.699
라라099714,127.60909,35.038022,23,0.025,LL,-0.554
라라099723,127.6091,35.046138,0,0.0,이웃없음,-0.298
라라099727,127.609105,35.049745,0,0.0889,LL,-0.422
라라099729,127.609108,35.051548,6,0.0,이웃없음,-0.246
라라100591,127.610037,34.927106,16,0.0186,LL,-0.28
라라100592,127.610039,34.928008,9,0.0314,LL,-0.381
라라100593,127.61004,34.92891,11,0.0342,LL,-0.354
라라100611,127.610062,34.945141,0,0.0889,LL,-0.596
라라100613,127.610064,34.946945,0,0.0791,LL,-0.664
라라100614,127.610065,34.947847,11,0.0479,LL,-0.613
라라100615,127.610066,34.948748,9,0.0371,LL,-0.363
라라100620,127.610072,34.953257,10,0.0347,LL,-0.388
라라100621,127.610074,34.954159,24,0.0133,LL,-0.368
라라100622,127.610075,34.955061,34,0.0007,LL,-0.385
라라100623,127.610076,34.955962,22,0.0169,LL,-0.397
라라100626,127.61008,34.958668,7,0.0267,LL,-0.267
라라100634,127.610089,34.965882,0,0.0889,LL,-0.422
라라100636,127.610092,34.967685,1041,35.938,HH,11.287
라라100637,127.610093,34.968587,574,15.6215,HH,9.368
라라100639,127.610095,34.97039,12,0.0369,LL,-0.505
라라100640,127.610097,34.971292,7,-0.1934,LH,1.932
라라100641,127.610098,34.972194,0,-1.0454,LH,9.261
라라100642,127.610099,34.973096,636,21.0954,HH,12.568
라라100643,127.6101,34.973997,680,26.2892,HH,13.648
라라100644,127.610101,34.974899,178,3.0588,HH,6.067
라라100647,127.610105,34.977604,0,0.027,LL,-0.275
라라100656,127.610116,34.98572,0,0.076,LL,-0.532
라라100657,127.610117,34.986622,7,0.0614,LL,-0.625
라라100664,127.610126,34.992934,0,0.0724,LL,-0.618
라라100665,127.610127,34.993836,17,0.0426,LL,-0.803
라라100666,127.610128,34.994738,0,0.0724,LL,-0.618
라라100672,127.610135,35.000148,0,0.0,이웃없음,-0.298
라라100674,127.610138,35.001952,0,0.0,이웃없음,-0.298
라라100689,127.610156,35.015478,0,0.0889,LL,-0.516
라라100690,127.610157,35.016379,0,0.0889,LL,-0.667
라라100691,127.610158,35.017281,0,0.0889,LL,-0.667
라라100695,127.610163,35.020888,0,0.0,이웃없음,-0.298
라라100706,127.610176,35.030807,0,0.0,이웃없음,-0.298
라라100712,127.610184,35.036218,0,0.0721,LL,-0.566
라라100713,127.610185,35.037119,13,0.0457,LL,-0.629
라라100714,127.610186,35.038021,0,0.0528,LL,-0.415
라라100725,127.610199,35.04794,0,0.0889,LL,-0.422
라라100726,127.6102,35.048842,0,0.0889,LL,-0.596
라라100733,127.610209,35.055154,0,0.0,이웃없음,-0.298
라라101590,127.611131,34.926204,12,0.0336,LL,-0.396
라라101591,127.611132,34.927105,27,0.0123,LL,-0.492
라라101592,127.611134,34.928007,36,-0.003,HL,-0.61
라라101593,127.611135,34.928909,0,0.06,LL,-0.533
라라101603,127.611147,34.937926,0,0.0,이웃없음,-0.298
라라101613,127.611159,34.946944,0,0.0747,LL,-0.462
라라101615,127.611162,34.948747,26,0.0155,LL,-0.287
라라101622,127.61117,34.95506,0,0.0335,LL,-0.334
라라101623,127.611171,34.955961,6,0.0337,LL,-0.328
라라101626,127.611175,34.958667,7,0.0636,LL,-0.447
라라101629,127.611179,34.961372,0,0.0,이웃없음,-0.298
라라101636,127.611187,34.967684,866,33.4298,HH,11.542
라라101637,127.611188,34.968586,258,9.8423,HH,12.296
라라101638,127.61119,34.969488,7,-0.5852,LH,6.017
라라101639,127.611191,34.970389,23,-0.0967,LH,2.376
라라101640,127.611192,34.971291,21,-0.0937,LH,2.106
라라101641,127.611193,34.972193,567,9.0389,HH,6.494
라라101642,127.611194,34.973095,870,22.4769,HH,9.796
라라101643,127.611196,34.973996,219,7.6657,HH,9.319
라라101645,127.611198,34.9758,0,-0.3696,LH,0.666
라라101657,127.611213,34.986621,8,0.0564,LL,-0.543
라라101658,127.611214,34.987523,8,0.0524,LL,-0.458
라라101664,127.611221,34.992933,0,0.0614,LL,-0.458
라라101665,127.611222,34.993835,15,0.0453,LL,-0.618
라라101666,127.611224,34.994737,0,0.0614,LL,-0.458
라라101685,127.611247,35.01187,0,0.0,이웃없음,-0.298
라라101691,127.611254,35.01728,0,0.0698,LL,-0.6
라라101692,127.611255,35.018182,0,0.065,LL,-0.524
라라101704,127.61127,35.029003,0,0.0,이웃없음,-0.298
라라101712,127.61128,35.036217,7,0.0575,LL,-0.417
라라101721,127.611291,35.044332,11,0.05,LL,-0.318
라라101727,127.611298,35.049743,0,0.0889,LL,-0.422
라라101754,127.611331,35.074089,0,0.0,이웃없음,-0.298
라라101853,127.611453,35.16336,0,0.0,이웃없음,-0.298
라라102586,127.612221,34.922596,0,0.0889,LL,-0.422
라라102590,127.612226,34.926203,15,0.0313,LL,-0.363
라라102591,127.612227,34.927104,0,0.0425,LL,-0.413
라라102592,127.612228,34.928006,0,0.0618,LL,-0.583
라라102593,127.61223,34.928908,0,0.0657,LL,-0.528
라라102601,127.61224,34.936122,0,0.0,이웃없음,-0.298
라라102627,127.612272,34.959567,0,0.0708,LL,-0.379
라라102637,127.612284,34.968585,419,13.2711,HH,9.516
라라102638,127.612285,34.969487,839,13.4157,HH,7.24
라라102639,127.612286,34.970388,112,1.346,HH,5.589
라라102640,127.612287,34.97129,32,-0.0386,LH,4.424
라라102641,127.612289,34.972192,267,5.369,HH,6.279
라라102657,127.612308,34.98662,9,0.0555,LL,-0.488
라라102670,127.612324,34.998343,0,0.0,이웃없음,-0.298
라라102677,127.612333,35.004655,0,0.0,이웃없음,-0.298
라라102691,127.61235,35.017279,26,0.0188,LL,-0.554
라라102692,127.612352,35.018181,11,0.0491,LL,-0.626
라라102721,127.612387,35.044331,6,0.05,LL,-0.318
라라103586,127.613316,34.922595,0,0.0889,LL,-0.422
라라103593,127.613325,34.928907,0,0.0889,LL,-0.516
라라103638,127.613381,34.969486,514,15.2505,HH,8.441
라라103639,127.613382,34.970387,472,10.1486,HH,7.027
라라103640,127.613383,34.971289,229,2.7046,HH,3.632
라라103657,127.613404,34.986619,0,0.0657,LL,-0.367
라라103691,127.613446,35.017278,13,0.0435,LL,-0.554
라라103692,127.613448,35.01818,0,0.0675,LL,-0.666
라라103693,127.613449,35.019082,0,0.0791,LL,-0.664
라라103703,127.613461,35.028099,0,0.0,이웃없음,-0.298
라라103724,127.613488,35.047035,0,0.0,이웃없음,-0.298
라라103750,127.61352,35.07048,0,0.0889,LL,-0.596
라라103751,127.613521,35.071382,0,0.0889,LL,-0.596
라라103854,127.61365,35.16426,0,0.0889,LL,-0.516
라라103855,127.613651,35.165162,0,0.0889,LL,-0.596
라라103857,127.613654,35.166965,0,0.0889,LL,-0.516
라라104629,127.614465,34.961369,0,0.0708,LL,-0.379
라라104678,127.614526,35.005554,0,0.0889,LL,-0.516
라라104691,127.614543,35.017277,0,0.0777,LL,-0.54
라라104692,127.614544,35.018179,0,0.0798,LL,-0.721
라라104693,127.614545,35.019081,8,0.0636,LL,-0.717
라라104694,127.614546,35.019982,0,0.0743,LL,-0.678
라라104695,127.614548,35.020884,0,0.0721,LL,-0.566
라라104749,127.614616,35.069578,0,0.0889,LL,-0.422
라라104751,127.614618,35.071381,0,0.0889,LL,-0.731
라라104752,127.614619,35.072283,0,0.0889,LL,-0.667
라라104855,127.614749,35.165161,0,0.0889,LL,-0.667
라라104856,127.614751,35.166062,0,0.0889,LL,-0.789
라라104857,127.614752,35.166964,0,0.0889,LL,-0.667
라라105629,127.61556,34.961368,7,0.0708,LL,-0.566
라라105670,127.615612,34.998339,0,0.0889,LL,-0.422
라라105676,127.61562,35.00375,13,0.0431,LL,-0.441
라라105677,127.615621,35.004652,0,0.0657,LL,-0.528
라라105679,127.615623,35.006455,0,0.0889,LL,-0.516
라라105685,127.615631,35.011866,10,0.0366,LL,-0.322
라라105686,127.615632,35.012767,18,0.0339,LL,-0.428
라라105687,127.615634,35.013669,0,0.064,LL,-0.471
라라105693,127.615641,35.019079,0,0.0747,LL,-0.582
라라105694,127.615642,35.019981,14,0.0467,LL,-0.611
라라105695,127.615644,35.020883,12,0.0532,LL,-0.639
라라105696,127.615645,35.021785,0,0.0827,LL,-0.688
라라105697,127.615646,35.022686,0,0.0889,LL,-0.731
라라105698,127.615648,35.023588,0,0.0831,LL,-0.632
라라105699,127.615649,35.02449,9,0.0628,LL,-0.609
라라105700,127.61565,35.025392,0,0.076,LL,-0.532
라라105708,127.61566,35.032606,0,0.0579,LL,-0.397
라라105709,127.615661,35.033507,13,0.0425,LL,-0.493
라라105710,127.615663,35.034409,0,0.0502,LL,-0.402
라라105719,127.615674,35.042525,0,0.0562,LL,-0.432
라라105720,127.615675,35.043426,26,0.02,LL,-0.52
라라105721,127.615677,35.044328,0,0.0693,LL,-0.596
라라105722,127.615678,35.04523,0,0.0889,LL,-0.667
라라105723,127.615679,35.046132,0,0.0766,LL,-0.593
라라105724,127.615681,35.047033,19,0.0364,LL,-0.547
라라105725,127.615682,35.047935,12,0.0473,LL,-0.462
라라105751,127.615715,35.07138,0,0.0806,LL,-0.674
라라105752,127.615716,35.072282,0,0.0785,LL,-0.605
라라105754,127.615719,35.074085,0,0.0,이웃없음,-0.298
라라105856,127.615849,35.166061,0,0.0889,LL,-0.667
라라105857,127.61585,35.166963,0,0.0889,LL,-0.596
라라106628,127.616654,34.960465,0,0.0708,LL,-0.559
라라106629,127.616655,34.961367,0,0.0708,LL,-0.559
라라106671,127.616709,34.99924,0,0.0605,LL,-0.454
라라106676,127.616716,35.003749,15,0.0408,LL,-0.613
라라106677,127.616717,35.004651,8,0.0531,LL,-0.613
라라106680,127.616721,35.007356,0,0.0889,LL,-0.516
라라106686,127.616728,35.012766,11,0.0482,LL,-0.516
라라106688,127.616731,35.01457,0,0.0828,LL,-0.566
라라106696,127.616741,35.021784,0,0.0811,LL,-0.62
라라106697,127.616742,35.022685,0,0.0889,LL,-0.731
라라106698,127.616744,35.023587,0,0.0842,LL,-0.699
라라106700,127.616746,35.025391,6,0.067,LL,-0.656
라라106701,127.616748,35.026292,0,0.0785,LL,-0.545
라라106709,127.616758,35.033506,11,0.0456,LL,-0.493
라라106710,127.616759,35.034408,21,0.0267,LL,-0.402
라라106714,127.616764,35.038015,0,0.0,이웃없음,-0.298
라라106718,127.616769,35.041622,0,0.0843,LL,-0.64
라라106720,127.616772,35.043425,12,0.0409,LL,-0.59
라라106721,127.616773,35.044327,0,0.0583,LL,-0.59
라라106722,127.616774,35.045229,0,0.0803,LL,-0.724
라라106724,127.616777,35.047032,0,0.0774,LL,-0.749
라라106725,127.616778,35.047934,0,0.0729,LL,-0.621
라라106736,127.616792,35.057853,0,0.0,이웃없음,-0.298
라라106749,127.616809,35.069576,0,0.0794,LL,-0.549
라라106750,127.61681,35.070477,0,0.0693,LL,-0.596
라라106751,127.616812,35.071379,16,0.0416,LL,-0.596
라라106774,127.616841,35.092119,0,0.0,이웃없음,-0.298
라라107628,127.617749,34.960464,0,0.0719,LL,-0.614
라라107629,127.617751,34.961366,21,0.0323,LL,-0.614
라라107670,127.617804,34.998337,9,0.0504,LL,-0.454
라라107671,127.617805,34.999239,24,0.0247,LL,-0.454
라라107675,127.61781,35.002846,0,0.0631,LL,-0.512
라라107676,127.617811,35.003748,11,0.0477,LL,-0.609
라라107677,127.617813,35.00465,7,0.0565,LL,-0.629
라라107678,127.617814,35.005551,0,0.0792,LL,-0.609
라라107679,127.617815,35.006453,0,0.0889,LL,-0.596
라라107687,127.617826,35.013667,0,0.043,LL,-0.416
라라107688,127.617827,35.014569,7,0.0417,LL,-0.455
라라107690,127.61783,35.016372,0,0.0599,LL,-0.493
라라107691,127.617831,35.017274,0,0.0657,LL,-0.572
라라107692,127.617832,35.018176,0,0.0614,LL,-0.458
라라107699,127.617841,35.024488,0,0.0811,LL,-0.62
라라107700,127.617842,35.02539,6,0.0702,LL,-0.62
라라107717,127.617864,35.040719,0,0.0798,LL,-0.481
라라107718,127.617866,35.041621,7,0.0708,LL,-0.566
라라107719,127.617867,35.042523,0,0.0662,LL,-0.575
라라107720,127.617868,35.043424,25,0.0207,LL,-0.603
라라107721,127.61787,35.044326,20,0.0298,LL,-0.633
라라107723,127.617872,35.046129,0,0.0827,LL,-0.688
라라107724,127.617874,35.047031,0,0.0889,LL,-0.789
라라107725,127.617875,35.047933,0,0.0889,LL,-0.667
라라107746,127.617902,35.066869,0,0.0811,LL,-0.486
라라107747,127.617903,35.067771,0,0.0837,LL,-0.57
라라107748,127.617905,35.068673,0,0.0837,LL,-0.57
라라107750,127.617907,35.070476,11,0.0487,LL,-0.52
라라107751,127.617909,35.071378,11,0.0447,LL,-0.432
라라108580,127.618782,34.917179,10,0.0631,LL,-0.467
라라108581,127.618784,34.918081,0,0.076,LL,-0.467
라라108628,127.618845,34.960463,0,0.0676,LL,-0.539
라라108629,127.618846,34.961365,12,0.0462,LL,-0.454
라라108667,127.618896,34.995631,0,0.0889,LL,-0.516
라라108668,127.618897,34.996533,0,0.0889,LL,-0.516
라라108671,127.618901,34.999238,0,0.0464,LL,-0.352
라라108675,127.618906,35.002845,6,0.0633,LL,-0.57
라라108676,127.618907,35.003747,8,0.0587,LL,-0.618
라라108678,127.61891,35.00555,0,0.0828,LL,-0.566
라라108683,127.618916,35.010059,9,0.0454,LL,-0.419
라라108687,127.618922,35.013666,29,0.0083,LL,-0.334
라라108688,127.618923,35.014568,42,-0.0152,HL,-0.508
라라108689,127.618924,35.015469,0,0.0598,LL,-0.602
라라108690,127.618926,35.016371,13,0.0441,LL,-0.654
라라108691,127.618927,35.017273,32,0.0056,LL,-0.654
라라108692,127.618928,35.018175,0,0.0631,LL,-0.512
라라108695,127.618932,35.02088,0,0.0773,LL,-0.471
라라108699,127.618937,35.024487,0,0.0779,LL,-0.601
라라108707,127.618948,35.031701,0,0.0708,LL,-0.379
라라108711,127.618953,35.035308,0,0.0442,LL,-0.372
라라108712,127.618954,35.036209,30,0.0101,LL,-0.547
라라108713,127.618956,35.037111,0,0.0442,LL,-0.372
라라108720,127.618965,35.043423,0,0.0631,LL,-0.63
라라108721,127.618966,35.044325,0,0.0567,LL,-0.544
라라108722,127.618967,35.045227,12,0.0485,LL,-0.589
라라108723,127.618969,35.046128,0,0.0785,LL,-0.545
라라108725,127.618971,35.047932,0,0.0889,LL,-0.596
라라108743,127.618995,35.064163,0,0.0889,LL,-0.516
라라108747,127.619,35.06777,6,0.0734,LL,-0.57
라라108866,127.619156,35.175075,0,0.0,이웃없음,-0.298
라라109581,127.619878,34.91808,0,0.076,LL,-0.467
라라109586,127.619885,34.922588,0,0.0889,LL,-0.422
라라109627,127.619939,34.95956,0,0.0889,LL,-0.422
라라109664,127.619987,34.992925,0,0.0889,LL,-0.422
라라109665,127.619989,34.993826,0,0.0889,LL,-0.516
라라109667,127.619991,34.99563,0,0.0889,LL,-0.667
라라109675,127.620002,35.002844,0,0.0717,LL,-0.51
라라109682,127.620011,35.009156,0,0.0625,LL,-0.508
라라109683,127.620012,35.010058,8,0.044,LL,-0.446
라라109684,127.620014,35.01096,24,0.0226,LL,-0.419
라라109685,127.620015,35.011861,0,0.0579,LL,-0.397
라라109688,127.620019,35.014567,8,0.0402,LL,-0.452
라라109689,127.62002,35.015468,0,0.0579,LL,-0.554
라라109690,127.620022,35.01637,9,0.0489,LL,-0.587
라라109691,127.620023,35.017272,8,0.0504,LL,-0.587
라라109695,127.620028,35.020879,9,0.0592,LL,-0.639
라라109696,127.62003,35.02178,0,0.0755,LL,-0.639
라라109698,127.620032,35.023584,11,0.0581,LL,-0.667
라라109699,127.620034,35.024486,0,0.0755,LL,-0.639
라라109701,127.620036,35.026289,15,0.0386,LL,-0.428
라라109703,127.620039,35.028093,0,0.082,LL,-0.562
라라109704,127.62004,35.028994,0,0.0889,LL,-0.667
라라109705,127.620041,35.029896,0,0.0766,LL,-0.593
라라109706,127.620043,35.030798,7,0.0634,LL,-0.642
라라109711,127.620049,35.035307,0,0.0442,LL,-0.372
라라109712,127.620051,35.036208,22,0.0266,LL,-0.547
라라109713,127.620052,35.03711,0,0.0442,LL,-0.372
라라109719,127.62006,35.04252,7,0.0606,LL,-0.432
라라109720,127.620061,35.043422,10,0.0576,LL,-0.642
라라109721,127.620063,35.044324,8,0.061,LL,-0.691
라라109725,127.620068,35.047931,0,0.0889,LL,-0.596
라라109728,127.620072,35.050636,0,0.0,이웃없음,-0.298
라라109730,127.620074,35.052439,0,0.0,이웃없음,-0.298
라라109732,127.620077,35.054243,0,0.0,이웃없음,-0.298
라라109739,127.620086,35.060555,0,0.0,이웃없음,-0.298
라라109741,127.620089,35.062359,0,0.0889,LL,-0.422
라라109742,127.62009,35.06326,0,0.0889,LL,-0.596
라라109743,127.620092,35.064162,0,0.0889,LL,-0.516
라라109745,127.620094,35.065965,0,0.0,이웃없음,-0.298
라라110585,127.620979,34.921686,0,0.0889,LL,-0.422
라라110620,127.621025,34.953247,7,0.0708,LL,-0.379
라라110666,127.621086,34.994727,0,0.0889,LL,-0.596
라라110667,127.621087,34.995629,0,0.0889,LL,-0.516
라라110674,127.621097,35.001941,6,0.0457,LL,-0.443
라라110678,127.621102,35.005548,0,0.0,이웃없음,-0.298
라라110681,127.621106,35.008253,8,0.0504,LL,-0.544
라라110682,127.621107,35.009155,16,0.0375,LL,-0.593
라라110686,127.621112,35.012762,0,0.0811,LL,-0.557
라라110687,127.621114,35.013664,0,0.0663,LL,-0.532
라라110690,127.621118,35.016369,0,0.0779,LL,-0.601
라라110692,127.62112,35.018172,0,0.0798,LL,-0.613
라라110693,127.621122,35.019074,0,0.0858,LL,-0.709
라라110694,127.621123,35.019976,0,0.0751,LL,-0.685
라라110695,127.621124,35.020878,17,0.0397,LL,-0.703
라라110696,127.621126,35.021779,0,0.0691,LL,-0.639
라라110697,127.621127,35.022681,0,0.0693,LL,-0.596
라라110698,127.621128,35.023583,7,0.0652,LL,-0.597
라라110699,127.62113,35.024485,0,0.0755,LL,-0.639
라라110700,127.621131,35.025386,8,0.0607,LL,-0.688
라라110701,127.621132,35.026288,8,0.0485,LL,-0.567
라라110702,127.621134,35.02719,8,0.0535,LL,-0.66
라라110703,127.621135,35.028092,0,0.0661,LL,-0.616
라라110705,127.621138,35.029895,0,0.073,LL,-0.712
라라110706,127.621139,35.030797,12,0.0529,LL,-0.743
라라110707,127.62114,35.031698,6,0.059,LL,-0.539
라라110721,127.621159,35.044323,0,0.0734,LL,-0.519
라라110722,127.62116,35.045225,0,0.082,LL,-0.562
라라110724,127.621163,35.047028,0,0.0796,LL,-0.667
라라110725,127.621164,35.04793,0,0.0796,LL,-0.667
라라110751,127.621199,35.071375,0,0.0,이웃없음,-0.298
라라110871,127.621359,35.179582,0,0.0889,LL,-0.422
라라110872,127.621361,35.180483,0,0.0889,LL,-0.422
라라111620,127.62212,34.953246,0,0.0567,LL,-0.392
라라111629,127.622132,34.961361,0,0.0,이웃없음,-0.298
라라111633,127.622138,34.964968,0,0.0,이웃없음,-0.298
라라111663,127.622178,34.992021,0,0.0579,LL,-0.348
라라111672,127.62219,35.000136,0,0.0399,LL,-0.35
라라111673,127.622191,35.001038,28,0.012,LL,-0.505
라라111674,127.622192,35.00194,24,0.0184,LL,-0.452
라라111675,127.622194,35.002842,0,0.0631,LL,-0.467
라라111680,127.6222,35.00735,8,0.057,LL,-0.488
라라111681,127.622202,35.008252,0,0.0569,LL,-0.512
라라111682,127.622203,35.009154,21,0.027,LL,-0.466
라라111683,127.622204,35.010056,7,0.0328,LL,-0.297
라라111687,127.62221,35.013663,9,0.0571,LL,-0.562
라라111688,127.622211,35.014564,18,0.0356,LL,-0.568
라라111689,127.622213,35.015466,0,0.0698,LL,-0.6
라라111692,127.622217,35.018171,0,0.0827,LL,-0.688
라라111693,127.622218,35.019073,6,0.0716,LL,-0.807
라라111694,127.622219,35.019975,0,0.0795,LL,-0.811
라라111695,127.622221,35.020877,0,0.0747,LL,-0.768
라라111696,127.622222,35.021778,20,0.0336,LL,-0.709
라라111700,127.622227,35.025385,0,0.0806,LL,-0.674
라라111701,127.622229,35.026287,0,0.0693,LL,-0.682
라라111702,127.62223,35.027189,29,0.0132,LL,-0.706
라라111703,127.622231,35.02809,0,0.0615,LL,-0.544
라라111704,127.622233,35.028992,16,0.0476,LL,-0.605
라라111705,127.622234,35.029894,0,0.0703,LL,-0.604
라라111706,127.622235,35.030796,8,0.0632,LL,-0.764
라라111707,127.622237,35.031697,0,0.0755,LL,-0.639
라라111718,127.622251,35.041616,0,0.0889,LL,-0.422
라라111723,127.622258,35.046125,0,0.0828,LL,-0.566
라라111724,127.62226,35.047027,7,0.0507,LL,-0.533
라라111725,127.622261,35.047929,11,0.0386,LL,-0.508
라라111726,127.622262,35.04883,0,0.0482,LL,-0.452
라라111738,127.622278,35.059651,0,0.0889,LL,-0.422
라라111739,127.62228,35.060553,0,0.0803,LL,-0.553
라라111740,127.622281,35.061455,10,0.0631,LL,-0.553
라라111742,127.622284,35.063258,0,0.0618,LL,-0.504
라라111743,127.622285,35.06416,9,0.0466,LL,-0.477
라라112582,127.623164,34.918978,0,0.0,이웃없음,-0.298
라라112614,127.623207,34.947834,0,0.0889,LL,-0.422
라라112615,127.623209,34.948736,0,0.0889,LL,-0.422
라라112621,127.623217,34.954146,18,0.0346,LL,-0.554
라라112622,127.623218,34.955048,8,0.0544,LL,-0.528
라라112623,127.623219,34.95595,0,0.0657,LL,-0.427
라라112631,127.62323,34.963164,0,0.0,이웃없음,-0.298
라라112664,127.623275,34.992921,12,0.0523,LL,-0.501
라라112672,127.623286,35.000135,8,0.0359,LL,-0.35
라라112673,127.623287,35.001037,21,0.0227,LL,-0.445
라라112674,127.623288,35.001939,0,0.0418,LL,-0.385
라라112680,127.623296,35.007349,9,0.0581,LL,-0.432
라라112688,127.623307,35.014563,0,0.0618,LL,-0.583
라라112689,127.623309,35.015465,19,0.0341,LL,-0.679
라라112690,127.62331,35.016367,0,0.0744,LL,-0.632
라라112691,127.623311,35.017268,0,0.0889,LL,-0.596
라라112693,127.623314,35.019072,6,0.0702,LL,-0.62
라라112694,127.623315,35.019974,0,0.0827,LL,-0.688
라라112695,127.623317,35.020875,0,0.0749,LL,-0.635
라라112696,127.623318,35.021777,7,0.0626,LL,-0.635
라라112697,127.623319,35.022679,0,0.0715,LL,-0.562
라라112701,127.623325,35.026286,0,0.0739,LL,-0.628
라라112702,127.623326,35.027188,0,0.0739,LL,-0.628
라라112706,127.623332,35.030795,0,0.0837,LL,-0.636
라라112707,127.623333,35.031696,0,0.082,LL,-0.562
라라112718,127.623348,35.041615,0,0.0889,LL,-0.422
라라112725,127.623357,35.047928,38,-0.0055,HL,-0.356
라라112726,127.623359,35.048829,30,0.0069,LL,-0.417
라라112727,127.62336,35.049731,0,0.0497,LL,-0.462
라라112740,127.623378,35.061454,0,0.0824,LL,-0.628
라라112741,127.623379,35.062355,0,0.0791,LL,-0.664
라라112742,127.62338,35.063257,9,0.0501,LL,-0.6
라라112743,127.623382,35.064159,24,0.0217,LL,-0.577
라라112744,127.623383,35.06506,7,0.0457,LL,-0.45
라라112872,127.623557,35.180481,0,0.0708,LL,-0.379
라라113617,127.624307,34.950538,0,0.0,이웃없음,-0.298
라라113620,127.624311,34.953243,14,0.0325,LL,-0.408
라라113621,127.624312,34.954145,0,0.0543,LL,-0.556
라라113622,127.624313,34.955047,10,0.0448,LL,-0.56
라라113663,127.624369,34.992019,0,0.0605,LL,-0.407
라라113664,127.624371,34.99292,10,0.0521,LL,-0.407
라라113677,127.624388,35.004643,0,0.0,이웃없음,-0.298
라라113688,127.624403,35.014562,8,0.0498,LL,-0.441
라라113689,127.624405,35.015464,9,0.0554,LL,-0.604
라라113690,127.624406,35.016366,0,0.0708,LL,-0.559
라라113697,127.624416,35.022678,0,0.0843,LL,-0.64
라라113698,127.624417,35.02358,0,0.0889,LL,-0.516
라라113701,127.624421,35.026285,0,0.0889,LL,-0.516
라라113711,127.624435,35.035302,0,0.0,이웃없음,-0.298
라라113726,127.624455,35.048828,20,0.0149,LL,-0.269
라라113727,127.624457,35.04973,15,0.0325,LL,-0.462
라라113728,127.624458,35.050632,11,0.0517,LL,-0.484
라라113736,127.624469,35.057845,0,0.0,이웃없음,-0.298
라라113741,127.624476,35.062354,0,0.0811,LL,-0.557
라라113743,127.624479,35.064158,16,0.0338,LL,-0.45
라라113744,127.62448,35.065059,0,0.0485,LL,-0.393
라라113872,127.624656,35.18048,7,0.0708,LL,-0.379
라라114609,127.625391,34.943323,0,0.07,LL,-0.501
라라114610,127.625392,34.944225,0,0.0785,LL,-0.476
라라114613,127.625396,34.94693,0,0.0889,LL,-0.422
라라114620,127.625406,34.953242,10,0.0393,LL,-0.466
라라114621,127.625407,34.954144,25,0.0175,LL,-0.556
라라114622,127.625409,34.955046,9,0.0428,LL,-0.446
라라114624,127.625411,34.956849,0,0.0,이웃없음,-0.298
라라114628,127.625417,34.960456,0,0.0631,LL,-0.36
라라114632,127.625422,34.964063,0,0.0494,LL,-0.398
라라114635,127.625426,34.966769,0,0.0708,LL,-0.379
라라114639,127.625432,34.970376,0,0.0502,LL,-0.33
라라114640,127.625433,34.971277,15,0.0502,LL,-0.33
라라114655,127.625454,34.984803,11,0.0,이웃없음,-0.203
라라114658,127.625458,34.987509,0,0.0,이웃없음,-0.298
라라114696,127.62551,35.021775,0,0.0889,LL,-0.422
라라114709,127.625528,35.033497,0,0.0889,LL,-0.422
라라114728,127.625555,35.05063,0,0.0665,LL,-0.484
라라114749,127.625584,35.069567,0,0.0,이웃없음,-0.298
라라115605,127.62648,34.939715,0,0.0889,LL,-0.422
라라115608,127.626484,34.94242,14,0.0482,LL,-0.628
라라115609,127.626486,34.943322,8,0.0636,LL,-0.717
라라115612,127.62649,34.946027,0,0.0889,LL,-0.422
라라115620,127.626501,34.953241,13,0.04,LL,-0.515
라라115621,127.626502,34.954143,13,0.0371,LL,-0.483
라라115628,127.626512,34.960455,10,0.0576,LL,-0.437
라라115630,127.626515,34.962259,0,0.0811,LL,-0.486
라라115631,127.626516,34.96316,6,0.0585,LL,-0.535
라라115632,127.626518,34.964062,28,0.0146,LL,-0.489
라라115633,127.626519,34.964964,12,0.0432,LL,-0.485
라라115634,127.62652,34.965866,7,0.0626,LL,-0.514
라라115646,127.626537,34.976687,0,0.0889,LL,-0.516
라라115648,127.62654,34.97849,0,0.0,이웃없음,-0.298
라라115703,127.626616,35.028086,0,0.0,이웃없음,-0.298
라라115710,127.626626,35.034398,0,0.0889,LL,-0.422
라라115725,127.626647,35.047924,0,0.0,이웃없음,-0.298
라라115727,127.62665,35.049728,0,0.0889,LL,-0.516
라라115737,127.626664,35.058745,0,0.0,이웃없음,-0.298
라라116572,127.627529,34.909956,0,0.0562,LL,-0.432
라라116573,127.627531,34.910858,8,0.0405,LL,-0.455
라라116574,127.627532,34.911759,24,0.0178,LL,-0.438
라라116575,127.627534,34.912661,0,0.0451,LL,-0.376
라라116606,127.627577,34.940616,0,0.0798,LL,-0.481
라라116607,127.627578,34.941517,7,0.0636,LL,-0.586
라라116608,127.62758,34.942419,0,0.0739,LL,-0.628
라라116609,127.627581,34.943321,0,0.0775,LL,-0.653
라라116610,127.627582,34.944223,0,0.0785,LL,-0.476
라라116619,127.627595,34.952338,0,0.0721,LL,-0.452
라라116620,127.627596,34.95324,0,0.0665,LL,-0.484
라라116626,127.627605,34.958651,0,0.0734,LL,-0.385
라라116627,127.627606,34.959552,6,0.0628,LL,-0.437
라라116630,127.62761,34.962258,0,0.0811,LL,-0.486
라라116633,127.627615,34.964963,0,0.0586,LL,-0.485
라라116641,127.627626,34.972177,0,0.0728,LL,-0.57
라라116642,127.627627,34.973079,0,0.0725,LL,-0.514
라라116645,127.627631,34.975784,0,0.0796,LL,-0.667
라라116646,127.627633,34.976686,0,0.0773,LL,-0.597
라라116678,127.627677,35.005541,0,0.0,이웃없음,-0.298
라라116696,127.627703,35.021773,0,0.0657,LL,-0.367
라라116712,127.627725,35.0362,0,0.0889,LL,-0.422
라라116728,127.627748,35.050628,0,0.0889,LL,-0.516
라라116868,127.627945,35.17687,0,0.0889,LL,-0.422
라라117572,127.628624,34.909955,6,0.0547,LL,-0.554
라라117573,127.628625,34.910857,24,0.02,LL,-0.618
라라117574,127.628627,34.911758,16,0.0333,LL,-0.61
라라117575,127.628628,34.91266,11,0.0409,LL,-0.494
라라117608,127.628675,34.942418,0,0.0828,LL,-0.566
라라117634,127.628711,34.965863,0,0.0889,LL,-0.516
라라117635,127.628713,34.966765,0,0.0889,LL,-0.422
라라117640,127.62872,34.971274,6,0.0656,LL,-0.523
라라117641,127.628721,34.972176,11,0.0556,LL,-0.642
라라117642,127.628723,34.973077,8,0.0628,LL,-0.593
라라117644,127.628725,34.974881,0,0.0648,LL,-0.475
라라117645,127.628727,34.975783,7,0.0561,LL,-0.626
라라117646,127.628728,34.976684,11,0.0453,LL,-0.583
라라117694,127.628796,35.019968,0,0.0773,LL,-0.471
라라117695,127.628797,35.02087,9,0.0657,LL,-0.557
라라117710,127.628819,35.034396,0,0.0889,LL,-0.422
라라117711,127.62882,35.035298,0,0.0889,LL,-0.516
라라117725,127.62884,35.047922,0,0.0,이웃없음,-0.298
라라117727,127.628843,35.049725,0,0.0889,LL,-0.596
라라117867,127.629042,35.175967,0,0.0889,LL,-0.516
라라118572,127.629719,34.909954,12,0.0411,LL,-0.415
라라118573,127.62972,34.910855,0,0.0614,LL,-0.58
라라118574,127.629722,34.911757,6,0.0518,LL,-0.57
라라118575,127.629723,34.912659,10,0.048,LL,-0.501
라라118641,127.629817,34.972174,0,0.0781,LL,-0.707
라라118645,127.629822,34.975781,21,0.0269,LL,-0.519
라라118646,127.629824,34.976683,11,0.0388,LL,-0.473
라라118647,127.629825,34.977585,13,0.0377,LL,-0.342
라라118695,127.629894,35.020869,0,0.0773,LL,-0.471
라라118727,127.629939,35.049724,0,0.0889,LL,-0.516
라라118728,127.629941,35.050626,0,0.0889,LL,-0.516
라라118732,127.629946,35.054233,0,0.0,이웃없음,-0.298
라라118868,127.630141,35.176867,0,0.0889,LL,-0.422
라라119574,127.630816,34.911756,0,0.0751,LL,-0.527
라라119606,127.630862,34.940612,0,0.0889,LL,-0.422
라라119607,127.630863,34.941514,0,0.0889,LL,-0.422
라라119637,127.630906,34.968566,0,0.0889,LL,-0.422
라라119640,127.630911,34.971272,0,0.0889,LL,-0.516
라라119641,127.630912,34.972173,0,0.0831,LL,-0.632
라라119642,127.630914,34.973075,0,0.0831,LL,-0.632
라라119643,127.630915,34.973977,0,0.0773,LL,-0.471
라라119645,127.630918,34.97578,10,0.0338,LL,-0.307
라라119710,127.631011,35.034393,0,0.0,이웃없음,-0.298
라라119860,127.631228,35.169652,11,0.0465,LL,-0.382
라라119861,127.631229,35.170554,16,0.0325,LL,-0.257
라라120631,127.631993,34.963155,0,0.0798,LL,-0.481
라라120637,127.632002,34.968565,0,0.0889,LL,-0.422
라라120642,127.632009,34.973074,9,0.0657,LL,-0.557
라라120686,127.632073,35.012751,0,0.0,이웃없음,-0.298
라라120837,127.632292,35.148912,0,0.0889,LL,-0.422
라라120859,127.632325,35.16875,0,0.0605,LL,-0.354
라라121631,127.633089,34.963153,0,0.0798,LL,-0.481
라라121632,127.63309,34.964055,7,0.0708,LL,-0.481
라라121640,127.633102,34.971269,25,0.0245,LL,-0.392
라라121715,127.633211,35.0389,0,0.0,이웃없음,-0.298
라라121838,127.633392,35.149812,0,0.0889,LL,-0.422
라라121862,127.633427,35.171453,0,0.0889,LL,-0.516
라라121863,127.633429,35.172355,0,0.0798,LL,-0.481
라라122570,127.634094,34.908145,0,0.0631,LL,-0.417
라라122639,127.634196,34.970366,0,0.0567,LL,-0.392
라라122640,127.634197,34.971268,0,0.0567,LL,-0.392
라라122708,127.634297,35.032586,0,0.0,이웃없음,-0.298
라라122734,127.634336,35.056031,0,0.0889,LL,-0.422
라라122835,127.634485,35.147106,0,0.0,이웃없음,-0.298
라라122861,127.634524,35.170551,0,0.0889,LL,-0.516
라라122864,127.634528,35.173256,7,0.0708,LL,-0.481
라라123569,127.635188,34.907242,0,0.056,LL,-0.47
라라123570,127.635189,34.908144,20,0.029,LL,-0.47
라라123572,127.635192,34.909948,0,0.0803,LL,-0.553
라라123573,127.635194,34.910849,10,0.0631,LL,-0.553
라라123629,127.635276,34.961348,0,0.0,이웃없음,-0.298
라라123682,127.635355,35.00914,0,0.0889,LL,-0.422
라라123735,127.635434,35.056932,0,0.0889,LL,-0.516
라라123831,127.635577,35.143498,0,0.0,이웃없음,-0.298
라라123861,127.635622,35.170549,0,0.0695,LL,-0.442
라라123863,127.635625,35.172353,0,0.0708,LL,-0.379
라라124557,127.636264,34.89642,0,0.0,이웃없음,-0.298
라라124569,127.636282,34.907241,12,0.0416,LL,-0.47
라라124570,127.636284,34.908143,19,0.0307,LL,-0.47
라라124572,127.636287,34.909946,0,0.0803,LL,-0.553
라라124573,127.636288,34.910848,0,0.0824,LL,-0.628
라라124682,127.636451,35.009139,0,0.0889,LL,-0.422
라라124713,127.636497,35.037093,0,0.0,이웃없음,-0.298
라라124735,127.63653,35.056931,0,0.0889,LL,-0.422
라라124859,127.636717,35.168745,0,0.076,LL,-0.532
라라124860,127.636719,35.169646,15,0.0502,LL,-0.609
라라125570,127.637378,34.908142,0,0.0489,LL,-0.362
라라125574,127.637384,34.911749,0,0.0889,LL,-0.422
라라125626,127.637463,34.95864,0,0.0,이웃없음,-0.298
라라125649,127.637497,34.97938,0,0.0,이웃없음,-0.298
라라125852,127.637805,35.162431,0,0.0889,LL,-0.422
라라125854,127.637808,35.164235,0,0.0779,LL,-0.601
라라125855,127.637809,35.165137,17,0.0451,LL,-0.523
라라125859,127.637815,35.168743,0,0.0792,LL,-0.609
라라125860,127.637817,35.169645,0,0.076,LL,-0.532
라라126635,127.638572,34.966754,0,0.0,이웃없음,-0.298
라라126830,127.638869,35.142592,0,0.0,이웃없음,-0.298
라라126832,127.638872,35.144396,0,0.0889,LL,-0.422
라라126836,127.638878,35.148003,0,0.0605,LL,-0.354
라라126853,127.638904,35.163332,0,0.0889,LL,-0.596
라라126854,127.638906,35.164234,0,0.0779,LL,-0.601
라라126855,127.638907,35.165135,0,0.0743,LL,-0.523
라라126858,127.638912,35.16784,0,0.0889,LL,-0.422
라라127637,127.63967,34.968557,0,0.0811,LL,-0.557
라라127638,127.639672,34.969458,9,0.0657,LL,-0.632
라라127639,127.639673,34.97036,0,0.0773,LL,-0.471
라라127642,127.639678,34.973065,0,0.0,이웃없음,-0.298
라라127833,127.639971,35.145296,0,0.0889,LL,-0.516
라라127834,127.639973,35.146198,0,0.0889,LL,-0.422
라라127836,127.639976,35.148001,11,0.0547,LL,-0.506
라라128571,127.640664,34.90904,0,0.0,이웃없음,-0.298
라라128612,127.640727,34.946012,0,0.0,이웃없음,-0.298
라라128637,127.640765,34.968555,0,0.0811,LL,-0.557
라라128638,127.640767,34.969457,0,0.0831,LL,-0.632
라라128647,127.640781,34.977573,0,0.0,이웃없음,-0.298
라라128836,127.641074,35.148,10,0.0564,LL,-0.506
라라128837,127.641075,35.148902,0,0.0708,LL,-0.506
라라128854,127.641102,35.164231,0,0.0889,LL,-0.516
라라128855,127.641103,35.165133,0,0.0889,LL,-0.422
라라129632,127.641853,34.964045,0,0.0,이웃없음,-0.298
라라129651,127.641883,34.981178,0,0.0,이웃없음,-0.298
라라129693,127.641948,35.019052,0,0.0,이웃없음,-0.298
라라129836,127.642172,35.147999,0,0.0785,LL,-0.605
라라129853,127.642198,35.163328,0,0.0889,LL,-0.516
라라130610,127.642914,34.944206,0,0.0889,LL,-0.422
라라130648,127.642974,34.978472,0,0.0554,LL,-0.428
라라130649,127.642975,34.979374,17,0.0379,LL,-0.516
라라130836,127.643269,35.147998,6,0.0734,LL,-0.644
라라130837,127.643271,35.148899,0,0.085,LL,-0.644
라라130848,127.643288,35.158818,0,0.082,LL,-0.562
라라130851,127.643293,35.161523,0,0.0889,LL,-0.422
라라130852,127.643295,35.162425,0,0.0889,LL,-0.516
라라131571,127.643948,34.909036,0,0.0,이웃없음,-0.298
라라131609,127.644008,34.943302,0,0.0889,LL,-0.422
라라131648,127.644069,34.978471,0,0.0631,LL,-0.554
라라131649,127.644071,34.979372,22,0.0278,LL,-0.626
라라131650,127.644072,34.980274,0,0.0459,LL,-0.38
라라131692,127.644139,35.018147,0,0.0,이웃없음,-0.298
라라131836,127.644367,35.147996,0,0.085,LL,-0.644
라라131837,127.644369,35.148898,0,0.085,LL,-0.644
라라131847,127.644385,35.157915,0,0.082,LL,-0.562
라라131848,127.644386,35.158817,0,0.0785,LL,-0.605
라라131849,127.644388,35.159719,8,0.063,LL,-0.527
라라132648,127.645165,34.978469,0,0.0676,LL,-0.539
라라132649,127.645166,34.979371,11,0.0528,LL,-0.614
라라132837,127.645467,35.148897,0,0.0889,LL,-0.596
라라132848,127.645484,35.158816,8,0.0651,LL,-0.674
라라133576,127.646145,34.913542,0,0.0,이웃없음,-0.298
라라133580,127.646152,34.917149,0,0.0889,LL,-0.422
라라133584,127.646158,34.920756,0,0.0579,LL,-0.441
라라133585,127.646159,34.921658,0,0.0579,LL,-0.441
라라133608,127.646196,34.942398,0,0.0798,LL,-0.481
라라133649,127.646262,34.97937,0,0.0747,LL,-0.462
라라133837,127.646565,35.148895,0,0.0828,LL,-0.566
라라133847,127.646581,35.157912,0,0.082,LL,-0.562
라라133848,127.646582,35.158814,0,0.082,LL,-0.562
라라134580,127.647246,34.917148,0,0.0889,LL,-0.422
라라134584,127.647253,34.920755,25,0.0216,LL,-0.629
라라134585,127.647254,34.921657,11,0.0472,LL,-0.558
라라134607,127.64729,34.941495,0,0.0828,LL,-0.566
라라134608,127.647291,34.942397,7,0.0708,LL,-0.566
라라134689,127.647422,35.015438,0,0.0889,LL,-0.422
라라134690,127.647424,35.01634,0,0.0889,LL,-0.422
라라134829,127.647649,35.14168,0,0.0889,LL,-0.516
라라134830,127.647651,35.142582,0,0.085,LL,-0.644
라라134831,127.647653,35.143484,6,0.0734,LL,-0.57
라라134837,127.647663,35.148894,7,0.0708,LL,-0.566
라라134838,127.647664,35.149796,0,0.0828,LL,-0.566
라라134847,127.647679,35.157911,0,0.0889,LL,-0.596
라라135583,127.648346,34.919852,0,0.0399,LL,-0.327
라라135584,127.648348,34.920753,13,0.0409,LL,-0.477
라라135585,127.648349,34.921655,0,0.0468,LL,-0.385
라라135608,127.648386,34.942395,0,0.0828,LL,-0.566
라라135634,127.648429,34.965841,0,0.0,이웃없음,-0.298
라라135704,127.648543,35.028963,0,0.0,이웃없음,-0.298
라라135830,127.648749,35.142581,0,0.0804,LL,-0.773
라라135831,127.648751,35.143482,0,0.082,LL,-0.737
라라135838,127.648762,35.149794,0,0.0828,LL,-0.566
라라135847,127.648777,35.15791,0,0.0889,LL,-0.422
라라136564,127.64941,34.902717,0,0.0,이웃없음,-0.298
라라136573,127.649424,34.910833,0,0.0734,LL,-0.385
라라136607,127.64948,34.941492,0,0.0889,LL,-0.516
라라136642,127.649537,34.973054,0,0.0,이웃없음,-0.298
라라136680,127.6496,35.00732,0,0.0734,LL,-0.385
라라136701,127.649634,35.026256,0,0.0,이웃없음,-0.298
라라136827,127.649842,35.139874,0,0.0889,LL,-0.516
라라136828,127.649843,35.140776,0,0.0843,LL,-0.64
라라136829,127.649845,35.141678,7,0.0708,LL,-0.766
라라136830,127.649847,35.142579,0,0.0826,LL,-0.792
라라136831,127.649848,35.143481,10,0.0631,LL,-0.757
라라136832,127.64985,35.144383,0,0.0803,LL,-0.553
라라136836,127.649857,35.14799,0,0.0889,LL,-0.422
라라136839,127.649862,35.150695,0,0.0768,LL,-0.536
라라136840,127.649863,35.151596,14,0.0528,LL,-0.447
라라136844,127.64987,35.155203,0,0.0889,LL,-0.422
라라137573,127.650519,34.910831,6,0.0734,LL,-0.385
라라137581,127.650532,34.918045,0,0.0,이웃없음,-0.298
라라137607,127.650575,34.941491,0,0.0725,LL,-0.514
라라137634,127.65062,34.965838,7,0.0411,LL,-0.337
라라137638,127.650626,34.969445,0,0.0,이웃없음,-0.298
라라137679,127.650694,35.006417,6,0.0734,LL,-0.486
라라137692,127.650715,35.018139,16,0.0325,LL,-0.327
라라137698,127.650725,35.02355,9,0.0542,LL,-0.412
라라137699,127.650727,35.024451,12,0.0428,LL,-0.293
라라137828,127.650941,35.140774,0,0.0843,LL,-0.64
라라137829,127.650943,35.141676,0,0.0852,LL,-0.706
라라137830,127.650944,35.142578,0,0.0801,LL,-0.671
라라137831,127.650946,35.14348,0,0.0824,LL,-0.628
라라137834,127.650951,35.146185,0,0.0,이웃없음,-0.298
라라137836,127.650954,35.147988,0,0.0889,LL,-0.422
라라137838,127.650958,35.149792,0,0.0889,LL,-0.516
라라137841,127.650963,35.152497,0,0.0768,LL,-0.536
라라137842,127.650964,35.153398,0,0.0889,LL,-0.516
라라137844,127.650968,35.155202,0,0.0828,LL,-0.566
라라138606,127.651668,34.940588,0,0.0644,LL,-0.422
라라138607,127.65167,34.94149,19,0.0399,LL,-0.422
라라138634,127.651715,34.965837,15,0.0349,LL,-0.337
라라138635,127.651717,34.966739,14,0.036,LL,-0.337
라라138679,127.65179,35.006415,0,0.0734,LL,-0.385
라라138688,127.651805,35.014531,0,0.0889,LL,-0.516
라라138690,127.651808,35.016334,0,0.0889,LL,-0.516
라라138692,127.651812,35.018138,22,0.0266,LL,-0.489
라라138693,127.651813,35.01904,0,0.0494,LL,-0.398
라라138697,127.65182,35.022647,0,0.0773,LL,-0.471
라라138839,127.652057,35.150692,0,0.0889,LL,-0.516
라라138840,127.652059,35.151594,0,0.0889,LL,-0.596
라라138843,127.652064,35.154299,0,0.0738,LL,-0.675
라라138844,127.652066,35.155201,7,0.0626,LL,-0.635
라라138846,127.652069,35.157004,0,0.0889,LL,-0.422
라라139575,127.652712,34.912632,0,0.0579,LL,-0.348
라라139579,127.652718,34.916239,0,0.0425,LL,-0.337
라라139610,127.65277,34.944194,13,0.0,이웃없음,-0.186
라라139688,127.652901,35.01453,0,0.0889,LL,-0.516
라라139689,127.652903,35.015431,0,0.0889,LL,-0.596
라라139691,127.652906,35.017235,0,0.0631,LL,-0.467
라라139692,127.652908,35.018137,8,0.0537,LL,-0.467
라라139697,127.652916,35.022645,0,0.0889,LL,-0.422
라라139786,127.653066,35.102899,0,0.0,이웃없음,-0.298
라라139841,127.653159,35.152494,0,0.0785,LL,-0.476
라라139842,127.65316,35.153396,8,0.0628,LL,-0.593
라라139843,127.653162,35.154297,11,0.0517,LL,-0.655
라라139844,127.653164,35.155199,9,0.0581,LL,-0.681
라라139845,127.653165,35.156101,0,0.0747,LL,-0.582
라라140575,127.653806,34.912631,12,0.0579,LL,-0.545
라라140579,127.653813,34.916238,28,0.0143,LL,-0.411
라라140580,127.653815,34.91714,8,0.0509,LL,-0.501
라라140585,127.653823,34.921648,0,0.0657,LL,-0.427
라라140590,127.653832,34.926157,0,0.0695,LL,-0.442
라라140591,127.653833,34.927059,0,0.076,LL,-0.532
라라140607,127.65386,34.941487,0,0.0889,LL,-0.596
라라140608,127.653862,34.942389,0,0.0889,LL,-0.667
라라140627,127.653894,34.959522,0,0.0889,LL,-0.422
라라140665,127.653958,34.993788,8,0.0682,LL,-0.373
라라140843,127.65426,35.154296,0,0.067,LL,-0.535
라라140844,127.654262,35.155198,6,0.0628,LL,-0.566
라라141574,127.654899,34.911728,0,0.0785,LL,-0.545
라라141575,127.654901,34.912629,0,0.0785,LL,-0.545
라라141580,127.65491,34.917138,7,0.0462,LL,-0.411
라라141581,127.654911,34.91804,0,0.0695,LL,-0.442
라라141585,127.654918,34.921647,9,0.0571,LL,-0.562
라라141586,127.65492,34.922549,9,0.0571,LL,-0.562
라라141591,127.654928,34.927057,15,0.0483,LL,-0.714
라라141592,127.65493,34.927959,0,0.0792,LL,-0.609
라라141607,127.654955,34.941486,0,0.0889,LL,-0.596
라라141608,127.654957,34.942387,0,0.0889,LL,-0.731
라라141609,127.654959,34.943289,0,0.0889,LL,-0.596
라라141626,127.654988,34.958619,0,0.0889,LL,-0.422
라라141665,127.655054,34.993787,0,0.0682,LL,-0.373
라라141683,127.655085,35.010018,0,0.0889,LL,-0.516
라라141685,127.655088,35.011822,0,0.0889,LL,-0.422
라라141787,127.655262,35.103798,0,0.0889,LL,-0.422
라라141846,127.655363,35.157,0,0.0,이웃없음,-0.298
라라142575,127.655996,34.912628,0,0.085,LL,-0.644
라라142585,127.656013,34.921646,0,0.0749,LL,-0.635
라라142586,127.656015,34.922547,9,0.0588,LL,-0.635
라라142590,127.656021,34.926154,8,0.0608,LL,-0.578
라라142591,127.656023,34.927056,0,0.077,LL,-0.649
라라142592,127.656025,34.927958,0,0.076,LL,-0.532
라라142609,127.656054,34.943288,0,0.0889,LL,-0.596
라라142628,127.656086,34.960421,0,0.0,이웃없음,-0.298
라라142679,127.656174,35.00641,0,0.0,이웃없음,-0.298
라라142682,127.656179,35.009115,0,0.0889,LL,-0.422
라라142684,127.656182,35.010918,0,0.0889,LL,-0.516
라라142722,127.656247,35.045184,0,0.0,이웃없음,-0.298
라라142787,127.656359,35.103797,0,0.0889,LL,-0.596
라라143572,127.657085,34.909921,21,0.0043,LL,-0.118
라라143573,127.657087,34.910823,17,0.002,LL,-0.088
라라143574,127.657089,34.911725,6,0.0271,LL,-0.307
라라143576,127.657092,34.913528,0,0.0889,LL,-0.422
라라143585,127.657108,34.921644,0,0.0801,LL,-0.671
라라143586,127.657109,34.922546,0,0.0779,LL,-0.601
라라143589,127.657115,34.925251,0,0.0734,LL,-0.519
라라143590,127.657116,34.926153,0,0.0773,LL,-0.597
라라143609,127.657149,34.943286,0,0.0889,LL,-0.516
라라143655,127.657228,34.984767,0,0.0644,LL,-0.422
라라143666,127.657247,34.994686,0,0.0,이웃없음,-0.298
라라143673,127.657259,35.000998,0,0.0,이웃없음,-0.298
라라143787,127.657456,35.103795,0,0.0889,LL,-0.596
라라143788,127.657458,35.104697,0,0.0889,LL,-0.667
라라144571,127.658178,34.909018,0,0.0077,LL,-0.18
라라144572,127.65818,34.90992,68,-0.0405,HL,-0.245
라라144573,127.658182,34.910822,36,-0.0011,HL,-0.22
라라144574,127.658184,34.911723,34,0.0007,LL,-0.381
라라144584,127.658201,34.920741,0,0.0728,LL,-0.57
라라144585,127.658203,34.921643,8,0.0615,LL,-0.642
라라144589,127.658209,34.92525,10,0.0631,LL,-0.553
라라144610,127.658246,34.944187,0,0.0889,LL,-0.422
라라144624,127.65827,34.956811,16,0.044,LL,-0.493
라라144637,127.658293,34.968534,0,0.0,이웃없음,-0.298
라라144649,127.658313,34.979355,0,0.0734,LL,-0.519
라라144650,127.658315,34.980256,8,0.0598,LL,-0.57
라라144654,127.658322,34.983863,19,0.0399,LL,-0.593
라라144655,127.658324,34.984765,0,0.0725,LL,-0.514
라라144788,127.658555,35.104696,0,0.0852,LL,-0.706
라라144789,127.658557,35.105597,0,0.0852,LL,-0.706
라라145571,127.659273,34.909017,17,0.0202,LL,-0.335
라라145572,127.659275,34.909919,20,0.0177,LL,-0.419
라라145573,127.659276,34.91082,17,0.0128,LL,-0.263
라라145574,127.659278,34.911722,15,0.0249,LL,-0.371
라라145575,127.65928,34.912624,0,0.0257,LL,-0.272
라라145577,127.659283,34.914427,0,0.0889,LL,-0.422
라라145584,127.659296,34.92074,0,0.0644,LL,-0.52
라라145585,127.659297,34.921641,17,0.0382,LL,-0.52
라라145588,127.659303,34.924347,0,0.0631,LL,-0.36
라라145612,127.659344,34.945989,0,0.0889,LL,-0.422
라라145623,127.659364,34.955908,0,0.0657,LL,-0.528
라라145624,127.659365,34.95681,8,0.0547,LL,-0.629
라라145625,127.659367,34.957711,0,0.0573,LL,-0.477
라라145649,127.659409,34.979353,0,0.0734,LL,-0.519
라라145650,127.659411,34.980255,10,0.0562,LL,-0.57
라라145651,127.659413,34.981157,7,0.0523,LL,-0.392
라라145653,127.659416,34.98296,0,0.0644,LL,-0.422
라라145654,127.659418,34.983862,0,0.0725,LL,-0.514
라라145673,127.659451,35.000995,0,0.0689,LL,-0.547
라라145674,127.659453,35.001897,11,0.0523,LL,-0.488
라라145676,127.659456,35.0037,0,0.0889,LL,-0.516
라라145677,127.659458,35.004602,0,0.0889,LL,-0.596
라라145678,127.65946,35.005504,0,0.0889,LL,-0.516
라라145719,127.659532,35.042475,0,0.0889,LL,-0.516
라라145720,127.659533,35.043377,0,0.0889,LL,-0.667
라라145721,127.659535,35.044278,0,0.0889,LL,-0.731
라라145722,127.659537,35.04518,0,0.0889,LL,-0.596
라라145788,127.659653,35.104694,7,0.0708,LL,-0.566
라라145789,127.659654,35.105596,0,0.0843,LL,-0.64
라라145790,127.659656,35.106498,0,0.0889,LL,-0.516
라라146571,127.660368,34.909015,7,0.0518,LL,-0.497
라라146572,127.660369,34.909917,0,0.0627,LL,-0.59
라라146573,127.660371,34.910819,0,0.0621,LL,-0.547
라라146578,127.66038,34.915328,0,0.0889,LL,-0.422
라라146585,127.660392,34.92164,13,0.0417,LL,-0.367
라라146611,127.660438,34.945085,0,0.0889,LL,-0.516
라라146623,127.660459,34.955906,0,0.0717,LL,-0.51
라라146624,127.660461,34.956808,12,0.0509,LL,-0.614
라라146625,127.660462,34.95771,13,0.0447,LL,-0.454
라라146644,127.660496,34.974843,0,0.0,이웃없음,-0.298
라라146670,127.660542,34.998288,14,0.0528,LL,-0.536
라라146671,127.660543,34.99919,0,0.076,LL,-0.59
라라146672,127.660545,35.000092,6,0.0695,LL,-0.734
라라146673,127.660547,35.000994,0,0.062,LL,-0.621
라라146674,127.660549,35.001895,14,0.0393,LL,-0.57
라라146677,127.660554,35.004601,0,0.0889,LL,-0.667
라라146698,127.660591,35.023537,0,0.0,이웃없음,-0.298
라라146720,127.66063,35.043375,0,0.0889,LL,-0.731
라라146721,127.660632,35.044277,0,0.0889,LL,-0.789
라라146722,127.660633,35.045179,0,0.0889,LL,-0.596
라라147572,127.661464,34.909916,0,0.0828,LL,-0.566
라라147582,127.661482,34.918933,0,0.076,LL,-0.467
라라147587,127.661491,34.923442,0,0.0708,LL,-0.447
라라147611,127.661533,34.945084,0,0.0889,LL,-0.422
라라147648,127.661598,34.978449,0,0.0,이웃없음,-0.298
라라147669,127.661636,34.997385,0,0.0708,LL,-0.447
라라147671,127.661639,34.999189,0,0.0785,LL,-0.66
라라147672,127.661641,35.00009,0,0.079,LL,-0.714
라라147673,127.661643,35.000992,11,0.0445,LL,-0.614
라라147674,127.661645,35.001894,31,0.0074,LL,-0.564
라라147675,127.661646,35.002796,0,0.0554,LL,-0.466
라라147677,127.66165,35.004599,0,0.0889,LL,-0.596
라라147679,127.661653,35.006403,9,0.0571,LL,-0.562
라라147680,127.661655,35.007304,18,0.0397,LL,-0.562
라라147681,127.661657,35.008206,0,0.0657,LL,-0.427
라라147720,127.661726,35.043374,0,0.0843,LL,-0.64
라라147772,127.661819,35.090264,0,0.0,이웃없음,-0.298
라라148581,127.662575,34.91803,0,0.0773,LL,-0.597
라라148582,127.662577,34.918932,10,0.0594,LL,-0.597
라라148584,127.66258,34.920735,0,0.0,이웃없음,-0.298
라라148586,127.662584,34.922539,6,0.0677,LL,-0.536
라라148587,127.662585,34.92344,8,0.0643,LL,-0.536
라라148670,127.662733,34.998285,0,0.0889,LL,-0.516
라라148673,127.662739,35.000991,6,0.0525,LL,-0.536
라라148674,127.66274,35.001892,7,0.0511,LL,-0.536
라라148676,127.662744,35.003696,0,0.0828,LL,-0.566
라라148678,127.662748,35.005499,0,0.0792,LL,-0.609
라라148679,127.662749,35.006401,0,0.0719,LL,-0.614
라라148680,127.662751,35.007303,0,0.0715,LL,-0.562
라라148719,127.662821,35.042471,7,0.0708,LL,-0.481
라라148720,127.662823,35.043372,0,0.0798,LL,-0.481
라라148739,127.662857,35.060505,0,0.0,이웃없음,-0.298
라라149581,127.66367,34.918028,0,0.0773,LL,-0.597
라라149582,127.663671,34.91893,8,0.0633,LL,-0.597
라라149586,127.663678,34.922537,0,0.0708,LL,-0.447
라라149646,127.663786,34.976642,0,0.0889,LL,-0.422
라라149648,127.66379,34.978446,0,0.0,이웃없음,-0.298
라라149673,127.663835,35.000989,0,0.0721,LL,-0.452
라라149676,127.66384,35.003694,7,0.0633,LL,-0.519
라라149678,127.663844,35.005498,6,0.0656,LL,-0.523
라라149788,127.664042,35.104688,0,0.0,이웃없음,-0.298
라라150582,127.664766,34.918929,0,0.0785,LL,-0.476
라라150598,127.664795,34.933357,9,0.0384,LL,-0.372
라라150599,127.664797,34.934259,18,0.0285,LL,-0.372
라라150608,127.664813,34.942374,0,0.0889,LL,-0.596
라라150609,127.664815,34.943276,0,0.0889,LL,-0.596
라라150646,127.664882,34.976641,0,0.067,LL,-0.432
라라150676,127.664936,35.003693,0,0.0773,LL,-0.597
라라150677,127.664938,35.004595,11,0.0548,LL,-0.574
라라150693,127.664967,35.019022,0,0.0,이웃없음,-0.298
라라150717,127.66501,35.040664,6,0.0734,LL,-0.385
라라151578,127.665854,34.91532,0,0.0,이웃없음,-0.298
라라151590,127.665875,34.926141,0,0.0889,LL,-0.422
라라151598,127.66589,34.933355,14,0.0334,LL,-0.372
라라151599,127.665892,34.934257,11,0.0365,LL,-0.372
라라151608,127.665908,34.942373,0,0.0837,LL,-0.636
라라151609,127.66591,34.943275,0,0.0837,LL,-0.636
라라151635,127.665957,34.96672,0,0.0,이웃없음,-0.298
라라151647,127.665979,34.977541,17,0.0389,LL,-0.528
라라151648,127.665981,34.978443,0,0.0579,LL,-0.441
라라151675,127.66603,35.00279,0,0.0889,LL,-0.516
라라151676,127.666032,35.003691,0,0.0794,LL,-0.549
라라151718,127.666108,35.041564,0,0.0734,LL,-0.385
라라151772,127.666207,35.090258,0,0.0,이웃없음,-0.298
라라151787,127.666234,35.103784,0,0.0889,LL,-0.422
라라151838,127.666328,35.149771,0,0.0,이웃없음,-0.298
라라151841,127.666333,35.152477,0,0.0,이웃없음,-0.298
라라152590,127.66697,34.92614,0,0.0889,LL,-0.516
라라152596,127.666981,34.93155,0,0.0,이웃없음,-0.298
라라152609,127.667005,34.943273,8,0.0682,LL,-0.562
라라152645,127.667071,34.975736,0,0.0,이웃없음,-0.298
라라152647,127.667075,34.977539,19,0.0321,LL,-0.489
라라152648,127.667076,34.978441,0,0.0592,LL,-0.489
라라152665,127.667108,34.993771,0,0.0889,LL,-0.422
라라152667,127.667111,34.995574,11,0.0517,LL,-0.547
라라152668,127.667113,34.996476,0,0.065,LL,-0.524
라라152669,127.667115,34.997378,6,0.0734,LL,-0.486
라라152691,127.667155,35.017216,0,0.0889,LL,-0.596
라라152737,127.66724,35.058696,0,0.0889,LL,-0.422
라라152786,127.66733,35.10288,0,0.0889,LL,-0.516
라라153583,127.668052,34.919826,0,0.0,이웃없음,-0.298
라라153589,127.668063,34.925237,0,0.0889,LL,-0.596
라라153609,127.6681,34.943272,0,0.0682,LL,-0.373
라라153647,127.66817,34.977538,10,0.0457,LL,-0.372
라라153666,127.668205,34.994671,0,0.0622,LL,-0.462
라라153667,127.668207,34.995573,20,0.0344,LL,-0.547
라라153668,127.668209,34.996474,0,0.065,LL,-0.524
라라153673,127.668218,35.000983,7,0.0,이웃없음,-0.238
라라153690,127.668249,35.016313,0,0.0889,LL,-0.596
라라153691,127.668251,35.017214,0,0.0889,LL,-0.667
라라153692,127.668253,35.018116,0,0.0889,LL,-0.516
라라153737,127.668336,35.058694,0,0.0889,LL,-0.516
라라153785,127.668425,35.101977,0,0.0889,LL,-0.422
라라153832,127.668513,35.144358,0,0.0889,LL,-0.422
라라154579,127.66914,34.916217,0,0.0,이웃없음,-0.298
라라154589,127.669158,34.925235,0,0.0889,LL,-0.516
라라154590,127.66916,34.926137,0,0.0889,LL,-0.516
라라154597,127.669173,34.932449,8,0.0504,LL,-0.387
라라154598,127.669175,34.933351,8,0.0504,LL,-0.387
라라154690,127.669346,35.016311,0,0.0889,LL,-0.516
라라154716,127.669394,35.039756,0,0.0,이웃없음,-0.298
라라154737,127.669433,35.058693,0,0.0889,LL,-0.516
라라154833,127.669612,35.145258,0,0.0889,LL,-0.422
라라154835,127.669616,35.147062,0,0.0734,LL,-0.457
라라155570,127.670218,34.9081,0,0.0,이웃없음,-0.298
라라155593,127.670261,34.92884,0,0.0,이웃없음,-0.298
라라155595,127.670264,34.930644,7,0.0,이웃없음,-0.238
라라155597,127.670268,34.932447,10,0.0521,LL,-0.535
라라155621,127.670313,34.954089,0,0.0,이웃없음,-0.298
라라155657,127.67038,34.986552,0,0.0811,LL,-0.557
라라155658,127.670382,34.987454,0,0.0785,LL,-0.605
라라155659,127.670384,34.988356,7,0.0708,LL,-0.481
라라155661,127.670387,34.990159,0,0.0,이웃없음,-0.298
라라155672,127.670408,35.000078,0,0.0,이웃없음,-0.298
라라155735,127.670526,35.056888,0,0.0889,LL,-0.516
라라155736,127.670528,35.057789,0,0.0889,LL,-0.596
라라155771,127.670593,35.08935,0,0.0734,LL,-0.385
라라155772,127.670595,35.090252,6,0.0734,LL,-0.385
라라155784,127.670618,35.101072,0,0.0889,LL,-0.422
라라155835,127.670714,35.14706,0,0.074,LL,-0.578
라라155836,127.670716,35.147962,12,0.0579,LL,-0.545
라라156597,127.671363,34.932446,0,0.0657,LL,-0.427
라라156598,127.671365,34.933348,8,0.0617,LL,-0.519
라라156611,127.671389,34.94507,0,0.0889,LL,-0.422
라라156632,127.671429,34.964007,0,0.0622,LL,-0.462
라라156633,127.67143,34.964909,11,0.0488,LL,-0.462
라라156657,127.671476,34.986551,9,0.0657,LL,-0.557
라라156658,127.671477,34.987452,0,0.0785,LL,-0.605
라라156688,127.671534,35.014505,9,0.0,이웃없음,-0.22
라라156735,127.671623,35.056886,0,0.0889,LL,-0.516
라라156784,127.671715,35.101071,0,0.0889,LL,-0.422
라라156834,127.67181,35.146157,11,0.0544,LL,-0.427
라라156836,127.671814,35.14796,0,0.0734,LL,-0.457
라라157599,127.672462,34.934248,0,0.0682,LL,-0.373
라라157612,127.672486,34.945971,0,0.0889,LL,-0.422
라라157632,127.672524,34.964006,20,0.0334,LL,-0.462
라라157633,127.672526,34.964907,0,0.0622,LL,-0.462
라라157641,127.672541,34.972121,0,0.0,이웃없음,-0.298
라라157653,127.672564,34.982942,6,0.0613,LL,-0.497
라라157654,127.672566,34.983844,8,0.0591,LL,-0.621
라라157655,127.672568,34.984746,0,0.0674,LL,-0.488
라라157715,127.672681,35.03885,0,0.0889,LL,-0.422
라라157716,127.672683,35.039752,0,0.0889,LL,-0.422
라라157778,127.672801,35.095659,0,0.0,이웃없음,-0.298
라라157797,127.672837,35.112792,0,0.0,이웃없음,-0.298
라라157830,127.6729,35.142549,8,0.0623,LL,-0.447
라라157834,127.672908,35.146155,7,0.0652,LL,-0.597
라라158597,127.673553,34.932443,0,0.0,이웃없음,-0.298
라라158624,127.673604,34.95679,0,0.0889,LL,-0.516
라라158625,127.673606,34.957692,0,0.0889,LL,-0.516
라라158653,127.673659,34.982941,0,0.074,LL,-0.578
라라158654,127.673661,34.983842,9,0.0573,LL,-0.621
라라158655,127.673663,34.984744,8,0.057,LL,-0.488
라라158670,127.673692,34.99827,0,0.076,LL,-0.532
라라158672,127.673696,35.000074,6,0.0649,LL,-0.447
라라158685,127.67372,35.011796,0,0.0,이웃없음,-0.298
라라158736,127.673818,35.057785,0,0.0,이웃없음,-0.298
라라158774,127.67389,35.09205,6,0.0734,LL,-0.486
라라158775,127.673892,35.092952,0,0.0837,LL,-0.57
라라158830,127.673998,35.142547,6,0.0628,LL,-0.566
라라158831,127.674,35.143449,0,0.0721,LL,-0.566
라라158833,127.674003,35.145252,0,0.0828,LL,-0.566
라라158834,127.674005,35.146154,0,0.0828,LL,-0.566
라라158835,127.674007,35.147056,0,0.0798,LL,-0.481
라라159585,127.674625,34.92162,0,0.0,이웃없음,-0.298
라라159600,127.674654,34.935147,0,0.0,이웃없음,-0.298
라라159624,127.674699,34.956788,0,0.0889,LL,-0.516
라라159652,127.674753,34.982037,0,0.0889,LL,-0.422
라라159669,127.674786,34.997367,7,0.0708,LL,-0.481
라라159670,127.674788,34.998269,0,0.0734,LL,-0.574
라라159671,127.674789,34.99917,8,0.0633,LL,-0.714
라라159672,127.674791,35.000072,0,0.074,LL,-0.578
라라159757,127.674955,35.07672,0,0.0,이웃없음,-0.298
라라159772,127.674984,35.090245,0,0.0,이웃없음,-0.298
라라159774,127.674987,35.092049,0,0.0811,LL,-0.486
라라159776,127.674991,35.093852,0,0.0889,LL,-0.422
라라159826,127.675088,35.138939,0,0.0889,LL,-0.422
라라159828,127.675092,35.140742,0,0.0889,LL,-0.516
라라159829,127.675094,35.141644,0,0.0768,LL,-0.536
라라159831,127.675097,35.143447,12,0.0521,LL,-0.566
라라159832,127.675099,35.144349,0,0.0785,LL,-0.545
라라160612,127.675772,34.945966,0,0.0889,LL,-0.516
라라160613,127.675774,34.946868,0,0.0889,LL,-0.596
라라160615,127.675777,34.948671,0,0.0889,LL,-0.596
라라160619,127.675785,34.952278,6,0.0535,LL,-0.449
라라160626,127.675799,34.95859,0,0.0,이웃없음,-0.298
라라160635,127.675816,34.966706,0,0.0,이웃없음,-0.298
라라160650,127.675845,34.980232,0,0.0751,LL,-0.527
라라160658,127.67586,34.987446,0,0.0,이웃없음,-0.298
라라160671,127.675885,34.999169,9,0.0562,LL,-0.662
라라160672,127.675887,35.000071,0,0.0734,LL,-0.574
라라160735,127.676009,35.05688,0,0.0,이웃없음,-0.298
라라160827,127.676187,35.139839,0,0.0889,LL,-0.516
라라160830,127.676193,35.142544,8,0.0564,LL,-0.417
라라161596,127.676836,34.931536,9,0.0523,LL,-0.402
라라161605,127.676853,34.939652,0,0.0889,LL,-0.422
라라161612,127.676867,34.945964,0,0.0889,LL,-0.516
라라161614,127.676871,34.947768,0,0.0889,LL,-0.596
라라161615,127.676873,34.94867,0,0.0889,LL,-0.667
라라161616,127.676875,34.949571,0,0.0889,LL,-0.667
라라161618,127.676878,34.951375,0,0.0721,LL,-0.566
라라161619,127.67688,34.952277,11,0.0444,LL,-0.529
라라161620,127.676882,34.953178,17,0.0346,LL,-0.529
라라161621,127.676884,34.95408,0,0.0489,LL,-0.362
라라161643,127.676927,34.973918,0,0.0828,LL,-0.566
라라161644,127.676929,34.97482,0,0.0843,LL,-0.64
라라161645,127.676931,34.975722,0,0.0828,LL,-0.566
라라161648,127.676937,34.978427,9,0.06,LL,-0.519
라라161649,127.676939,34.979329,9,0.0596,LL,-0.642
라라161650,127.67694,34.980231,7,0.0662,LL,-0.605
라라161651,127.676942,34.981132,0,0.0843,LL,-0.64
라라161652,127.676944,34.982034,0,0.0889,LL,-0.422
라라161670,127.676979,34.998265,15,0.0381,LL,-0.423
라라161671,127.676981,34.999167,7,0.0539,LL,-0.512
라라161683,127.677005,35.009988,10,0.0552,LL,-0.497
라라161684,127.677006,35.01089,0,0.074,LL,-0.578
라라161772,127.677178,35.090242,0,0.0,이웃없음,-0.298
라라161809,127.67725,35.123606,0,0.0,이웃없음,-0.298
라라162586,127.677911,34.922517,0,0.0889,LL,-0.422
라라162595,127.677929,34.930633,14,0.0459,LL,-0.402
라라162596,127.677931,34.931535,0,0.0592,LL,-0.402
라라162604,127.677946,34.938749,0,0.0889,LL,-0.516
라라162610,127.677958,34.944159,0,0.0,이웃없음,-0.298
라라162616,127.67797,34.94957,0,0.0889,LL,-0.596
라라162617,127.677972,34.950471,0,0.0889,LL,-0.596
라라162619,127.677976,34.952275,9,0.0457,LL,-0.47
라라162620,127.677978,34.953177,14,0.0386,LL,-0.47
라라162640,127.678017,34.971212,0,0.0,이웃없음,-0.298
라라162643,127.678022,34.973917,0,0.0843,LL,-0.64
라라162644,127.678024,34.974819,7,0.0708,LL,-0.706
라라162646,127.678028,34.976622,0,0.0889,LL,-0.516
라라162647,127.67803,34.977524,0,0.0831,LL,-0.632
라라162648,127.678032,34.978426,0,0.0773,LL,-0.597
라라162650,127.678036,34.980229,0,0.0785,LL,-0.605
라라162670,127.678075,34.998264,9,0.049,LL,-0.497
라라162683,127.678101,35.009986,0,0.0691,LL,-0.497
라라162684,127.678102,35.010888,13,0.0514,LL,-0.578
라라162685,127.678104,35.01179,0,0.0721,LL,-0.452
라라162756,127.678243,35.075813,0,0.0889,LL,-0.422
라라162758,127.678247,35.077616,0,0.0451,LL,-0.376
라라162766,127.678263,35.08483,0,0.0,이웃없음,-0.298
라라162770,127.678271,35.088437,0,0.0889,LL,-0.516
라라162828,127.678385,35.140737,0,0.0889,LL,-0.516
라라162829,127.678387,35.141639,0,0.0889,LL,-0.516
라라163587,127.679008,34.923417,0,0.0889,LL,-0.422
라라163604,127.679041,34.938747,0,0.0889,LL,-0.422
라라163624,127.679081,34.956782,8,0.0,이웃없음,-0.229
라라163643,127.679118,34.973915,0,0.0691,LL,-0.497
라라163648,127.679128,34.978424,0,0.0889,LL,-0.516
라라163650,127.679132,34.980227,0,0.0889,LL,-0.422
라라163667,127.679165,34.995557,0,0.0889,LL,-0.516
라라163670,127.679171,34.998262,13,0.0353,LL,-0.423
라라163671,127.679173,34.999164,0,0.0485,LL,-0.393
라라163713,127.679256,35.037037,0,0.0889,LL,-0.422
라라163714,127.679258,35.037939,0,0.0889,LL,-0.422
라라163733,127.679295,35.055072,0,0.0889,LL,-0.516
라라163735,127.679299,35.056875,0,0.0889,LL,-0.422
라라163757,127.679342,35.076713,0,0.0738,LL,-0.675
라라163758,127.679344,35.077615,35,-0.0012,HL,-0.551
라라163759,127.679346,35.078517,16,0.0338,LL,-0.498
라라163760,127.679348,35.079418,8,0.0455,LL,-0.362
라라163769,127.679366,35.087534,0,0.0889,LL,-0.516
라라163770,127.679368,35.088436,0,0.0889,LL,-0.516
라라163784,127.679396,35.10106,0,0.0,이웃없음,-0.298
라라163828,127.679483,35.140736,0,0.0889,LL,-0.596
라라164606,127.68014,34.940549,0,0.0889,LL,-0.422
라라164607,127.680142,34.941451,0,0.0889,LL,-0.422
라라164643,127.680213,34.973914,16,0.0476,LL,-0.324
라라164661,127.680249,34.990145,0,0.0605,LL,-0.407
라라164662,127.680251,34.991047,15,0.0439,LL,-0.475
라라164667,127.680261,34.995555,0,0.0889,LL,-0.516
라라164668,127.680263,34.996457,0,0.0721,LL,-0.566
라라164669,127.680265,34.997359,16,0.0242,LL,-0.374
라라164670,127.680267,34.998261,25,0.0137,LL,-0.374
라라164733,127.680392,35.05507,0,0.0792,LL,-0.609
라라164734,127.680394,35.055972,0,0.0792,LL,-0.609
라라164751,127.680427,35.071301,0,0.0,이웃없음,-0.298
라라164756,127.680437,35.07581,0,0.085,LL,-0.644
라라164757,127.680439,35.076712,0,0.0677,LL,-0.586
라라164758,127.680441,35.077613,0,0.056,LL,-0.47
라라164760,127.680445,35.079417,7,0.0462,LL,-0.362
라라164765,127.680455,35.083925,0,0.0889,LL,-0.516
라라164797,127.680519,35.112781,0,0.0,이웃없음,-0.298
라라164808,127.680541,35.122699,7,0.0585,LL,-0.342
라라164809,127.680543,35.123601,6,0.066,LL,-0.452
라라164826,127.680576,35.13893,0,0.0889,LL,-0.516
라라164827,127.680578,35.139832,0,0.0889,LL,-0.516
라라165612,127.681247,34.945958,0,0.0,이웃없음,-0.298
라라165662,127.681347,34.991045,7,0.0554,LL,-0.524
라라165663,127.681349,34.991947,6,0.0514,LL,-0.436
라라165665,127.681353,34.99375,0,0.0,이웃없음,-0.298
라라165669,127.681361,34.997357,10,0.0369,LL,-0.475
라라165670,127.681363,34.998259,37,-0.0042,HL,-0.392
라라165699,127.68142,35.024409,0,0.0,이웃없음,-0.298
라라165732,127.681486,35.054167,0,0.0502,LL,-0.402
라라165733,127.681488,35.055068,15,0.0393,LL,-0.493
라라165748,127.681518,35.068594,0,0.0773,LL,-0.471
라라165755,127.681532,35.074906,0,0.085,LL,-0.644
라라165756,127.681534,35.075808,6,0.0734,LL,-0.644
라라165762,127.681546,35.081219,0,0.0,이웃없음,-0.298
라라165765,127.681552,35.083924,0,0.0889,LL,-0.516
라라165766,127.681554,35.084825,0,0.0889,LL,-0.596
라라165767,127.681556,35.085727,0,0.0889,LL,-0.422
라라165810,127.681642,35.124501,0,0.0811,LL,-0.486
라라165815,127.681652,35.12901,0,0.0889,LL,-0.516
라라165816,127.681654,35.129912,0,0.0889,LL,-0.596
라라165824,127.68167,35.137125,0,0.0889,LL,-0.516
라라165825,127.681672,35.138027,0,0.0889,LL,-0.596
라라166593,127.682305,34.928823,0,0.0708,LL,-0.379
라라166596,127.682311,34.931528,0,0.0,이웃없음,-0.298
라라166603,127.682325,34.937841,8,0.0373,LL,-0.359
라라166604,127.682327,34.938742,25,0.0161,LL,-0.434
라라166605,127.682329,34.939644,19,0.0228,LL,-0.365
라라166614,127.682347,34.94776,0,0.0,이웃없음,-0.298
라라166662,127.682442,34.991043,9,0.0523,LL,-0.467
라라166669,127.682456,34.997356,8,0.0417,LL,-0.466
라라166670,127.682458,34.998257,0,0.0476,LL,-0.419
라라166695,127.682509,35.020801,0,0.0682,LL,-0.437
라라166697,127.682513,35.022604,0,0.0631,LL,-0.36
라라166708,127.682535,35.032523,0,0.0,이웃없음,-0.298
라라166733,127.682585,35.055067,30,0.008,LL,-0.385
라라166746,127.682611,35.066789,0,0.0773,LL,-0.471
라라166747,127.682613,35.067691,9,0.0657,LL,-0.632
라라166748,127.682615,35.068593,0,0.0811,LL,-0.557
라라166753,127.682625,35.073101,0,0.0889,LL,-0.422
라라166754,127.682627,35.074003,0,0.0889,LL,-0.596
라라166755,127.682629,35.074905,0,0.0837,LL,-0.57
라라166797,127.682713,35.112777,0,0.0753,LL,-0.586
라라166798,127.682715,35.113679,6,0.067,LL,-0.656
라라166799,127.682717,35.114581,0,0.0753,LL,-0.586
라라166810,127.68274,35.1245,0,0.0889,LL,-0.516
라라166816,127.682752,35.12991,0,0.0889,LL,-0.596
라라166817,127.682754,35.130812,0,0.0889,LL,-0.516
라라166824,127.682768,35.137124,0,0.0889,LL,-0.516
라라167594,127.683402,34.929723,7,0.0503,LL,-0.485
라라167600,127.683414,34.935134,0,0.0889,LL,-0.422
라라167603,127.68342,34.937839,9,0.0365,LL,-0.359
라라167604,127.683422,34.938741,13,0.0326,LL,-0.434
라라167605,127.683424,34.939642,10,0.032,LL,-0.365
라라167606,127.683426,34.940544,11,0.0351,LL,-0.317
라라167663,127.68354,34.991944,8,0.0537,LL,-0.467
라라167668,127.68355,34.996452,11,0.0456,LL,-0.377
라라167669,127.683552,34.997354,9,0.0536,LL,-0.475
라라167695,127.683605,35.020799,6,0.0663,LL,-0.527
라라167696,127.683607,35.021701,10,0.0604,LL,-0.605
라라167731,127.683677,35.053262,0,0.0562,LL,-0.432
라라167732,127.683679,35.054163,8,0.0326,LL,-0.358
라라167733,127.683681,35.055065,20,0.0157,LL,-0.251
라라167743,127.683702,35.064082,0,0.0889,LL,-0.516
라라167747,127.68371,35.067689,0,0.0811,LL,-0.557
라라167750,127.683716,35.070394,0,0.0,이웃없음,-0.298
라라167796,127.683809,35.111874,0,0.0837,LL,-0.636
라라167797,127.683811,35.112776,0,0.0782,LL,-0.755
라라167798,127.683813,35.113677,15,0.0477,LL,-0.811
라라167799,127.683815,35.114579,0,0.0782,LL,-0.755
라라167800,127.683817,35.115481,0,0.0837,LL,-0.636
라라167811,127.683839,35.1254,0,0.082,LL,-0.562
라라168593,127.684494,34.92882,0,0.0446,LL,-0.427
라라168594,127.684496,34.929721,26,0.0128,LL,-0.423
라라168595,127.684498,34.930623,14,0.0283,LL,-0.365
라라168597,127.684503,34.932427,7,0.0349,LL,-0.307
라라168598,127.684505,34.933328,0,0.0348,LL,-0.307
라라168601,127.684511,34.936034,0,0.0889,LL,-0.422
라라168610,127.684529,34.944149,0,-0.998,LH,2.157
라라168659,127.684628,34.988335,6,0.0351,LL,-0.337
라라168660,127.68463,34.989237,12,0.0311,LL,-0.337
라라168663,127.684636,34.991942,13,0.0489,LL,-0.412
라라168664,127.684638,34.992844,0,0.0618,LL,-0.412
라라168685,127.684681,35.01178,0,0.0,이웃없음,-0.298
라라168695,127.684701,35.020798,0,0.0682,LL,-0.437
라라168729,127.68477,35.051456,0,0.0657,LL,-0.427
라라168730,127.684772,35.052358,8,0.0539,LL,-0.524
라라168732,127.684776,35.054162,22,0.0249,LL,-0.564
라라168743,127.684798,35.064081,0,0.0889,LL,-0.596
라라168744,127.6848,35.064982,0,0.0889,LL,-0.516
라라168777,127.684867,35.094739,0,0.0,이웃없음,-0.298
라라168796,127.684906,35.111872,8,0.0682,LL,-0.636
라라168797,127.684908,35.112774,0,0.0771,LL,-0.746
라라168798,127.68491,35.113676,0,0.0771,LL,-0.746
라라168799,127.684912,35.114577,8,0.0615,LL,-0.746
라라168800,127.684914,35.115479,0,0.0837,LL,-0.636
라라168811,127.684937,35.125398,0,0.0785,LL,-0.476
라라168812,127.684939,35.1263,8,0.0682,LL,-0.476
라라168822,127.684959,35.135317,0,0.0,이웃없음,-0.298
라라169591,127.685585,34.927015,0,0.0798,LL,-0.481
라라169592,127.685587,34.927916,0,0.0625,LL,-0.508
라라169593,127.685589,34.928818,34,0.001,LL,-0.508
라라169594,127.685591,34.92972,19,0.0233,LL,-0.446
라라169595,127.685593,34.930622,12,0.0332,LL,-0.392
라라169597,127.685597,34.932425,35,-0.0012,HL,-0.415
라라169605,127.685614,34.939639,172,1.5425,HH,2.855
라라169606,127.685616,34.940541,83,0.6109,HH,3.148
라라169607,127.685618,34.941443,265,1.5678,HH,2.421
라라169608,127.68562,34.942344,230,1.394,HH,2.233
라라169611,127.685626,34.94505,422,2.5778,HH,2.94
라라169612,127.685628,34.945951,410,4.2305,HH,3.988
라라169613,127.68563,34.946853,269,2.0441,HH,2.712
라라169620,127.685644,34.953165,0,0.0682,LL,-0.437
라라169621,127.685646,34.954067,6,-0.4628,LH,2.697
라라169640,127.685685,34.9712,0,0.0889,LL,-0.516
라라169659,127.685724,34.988333,20,0.0265,LL,-0.435
라라169660,127.685726,34.989235,22,0.0233,LL,-0.435
라라169719,127.685846,35.042437,0,0.0,이웃없음,-0.298
라라169730,127.685868,35.052357,10,0.0466,LL,-0.536
라라169731,127.68587,35.053258,19,0.0303,LL,-0.608
라라169732,127.685873,35.05416,0,0.0585,LL,-0.522
라라169733,127.685875,35.055062,0,0.0747,LL,-0.582
라라169736,127.685881,35.057767,0,0.0691,LL,-0.497
라라169737,127.685883,35.058669,0,0.0663,LL,-0.532
라라169742,127.685893,35.063177,0,0.0889,LL,-0.516
라라169797,127.686006,35.112772,0,0.0747,LL,-0.681
라라169798,127.686008,35.113674,9,0.0609,LL,-0.711
라라169800,127.686012,35.115477,0,0.0785,LL,-0.605
라라170592,127.686682,34.927915,7,0.0592,LL,-0.655
라라170594,127.686686,34.929718,0,0.0554,LL,-0.501
라라170598,127.686695,34.933325,0,-0.0013,LH,-0.208
라라170603,127.686705,34.937834,352,7.139,HH,5.277
라라170604,127.686707,34.938736,177,3.6093,HH,5.797
라라170605,127.686709,34.939637,343,2.1444,HH,2.732
라라170606,127.686711,34.940539,136,0.9911,HH,3.109
라라170607,127.686713,34.941441,100,0.5288,HH,2.683
라라170608,127.686715,34.942343,79,0.3553,HH,2.425
라라170609,127.686717,34.943244,76,0.1895,HH,1.335
라라170610,127.686719,34.944146,38,0.0204,HH,1.541
라라170611,127.686721,34.945048,82,0.4263,HH,2.718
라라170612,127.686723,34.94595,88,0.5557,HH,3.363
라라170613,127.686725,34.946851,66,0.2434,HH,2.311
라라170614,127.686727,34.947753,41,0.0214,HH,0.887
라라170615,127.686729,34.948655,20,0.0041,LL,-0.114
라라170617,127.686733,34.950458,276,3.9277,HH,3.868
라라170621,127.686742,34.954065,10,-0.3828,LH,3.607
라라170622,127.686744,34.954967,746,7.3838,HH,5.051
라라170623,127.686746,34.955869,269,8.1616,HH,7.058
라라170639,127.686778,34.970297,0,0.0889,LL,-0.667
라라170641,127.686782,34.9721,0,0.0889,LL,-0.596
라라170660,127.686821,34.989233,0,0.0528,LL,-0.415
라라170665,127.686832,34.993742,0,0.0889,LL,-0.422
라라170666,127.686834,34.994644,0,0.0889,LL,-0.422
라라170684,127.686871,35.010875,0,0.0,이웃없음,-0.298
라라170687,127.686877,35.01358,0,0.0,이웃없음,-0.298
라라170730,127.686965,35.052355,0,0.0627,LL,-0.59
라라170731,127.686967,35.053257,18,0.036,LL,-0.676
라라170732,127.686969,35.054158,0,0.0698,LL,-0.6
라라170734,127.686973,35.055962,0,0.0889,LL,-0.422
라라170736,127.686977,35.057765,0,0.074,LL,-0.578
라라170737,127.686979,35.058667,23,0.0276,LL,-0.607
라라170738,127.686981,35.059569,12,0.0441,LL,-0.493
라라170740,127.686986,35.061372,0,0.0803,LL,-0.553
라라170741,127.686988,35.062274,0,0.0889,LL,-0.596
라라170784,127.687076,35.101048,8,0.0593,LL,-0.432
라라170796,127.687101,35.111869,9,0.0657,LL,-0.367
라라170798,127.687105,35.113672,7,0.0643,LL,-0.649
라라170799,127.687107,35.114574,0,0.0755,LL,-0.688
라라170800,127.687109,35.115476,8,0.0636,LL,-0.532
라라170807,127.687123,35.121788,0,0.0889,LL,-0.422
라라170817,127.687144,35.130805,0,0.0889,LL,-0.422
라라171583,127.687759,34.919797,0,0.0,이웃없음,-0.298
라라171590,127.687773,34.926109,0,0.0889,LL,-0.422
라라171591,127.687775,34.927011,0,0.0828,LL,-0.566
라라171592,127.687777,34.927913,0,0.0828,LL,-0.566
라라171593,127.687779,34.928815,0,0.0822,LL,-0.685
라라171594,127.687781,34.929716,0,0.0837,LL,-0.57
라라171602,127.687798,34.93693,202,3.6537,HH,4.512
라라171603,127.6878,34.937832,628,4.9496,HH,4.066
라라171606,127.687806,34.940537,70,0.2168,HH,1.859
라라171607,127.687808,34.941439,124,0.35,HH,1.466
라라171608,127.68781,34.942341,154,0.3435,HH,1.233
라라171609,127.687812,34.943243,41,0.0128,HH,0.627
라라171610,127.687814,34.944144,32,-0.0018,LH,0.215
라라171611,127.687816,34.945046,22,-0.0164,LH,0.371
라라171612,127.687818,34.945948,71,0.0664,HH,0.667
라라171613,127.68782,34.94685,47,0.0229,HH,0.601
라라171614,127.687822,34.947751,40,0.0044,HH,0.264
라라171615,127.687824,34.948653,30,0.0014,LL,-0.101
라라171616,127.687826,34.949555,12,-0.1143,LH,1.388
라라171617,127.687829,34.950457,325,4.4679,HH,4.989
라라171618,127.687831,34.951358,420,9.6226,HH,7.816
라라171619,127.687833,34.95226,416,17.9441,HH,11.217
라라171621,127.687837,34.954064,0,-1.2092,LH,9.094
라라171622,127.687839,34.954965,467,8.0968,HH,7.03
라라171623,127.687841,34.955867,289,7.6403,HH,7.995
라라171638,127.687872,34.969393,0,0.0794,LL,-0.549
라라171639,127.687874,34.970295,0,0.0832,LL,-0.692
라라171640,127.687876,34.971197,0,0.0848,LL,-0.81
라라171641,127.687878,34.972099,0,0.0889,LL,-0.667
라라171660,127.687917,34.989232,0,0.0889,LL,-0.422
라라171676,127.68795,35.003659,0,0.0665,LL,-0.484
라라171677,127.687952,35.004561,26,0.0219,LL,-0.484
라라171678,127.687954,35.005463,0,0.0554,LL,-0.387
라라171689,127.687977,35.015382,8,0.0682,LL,-0.373
라라171721,127.688043,35.044238,0,0.0361,LL,-0.312
라라171722,127.688045,35.045139,9,0.0352,LL,-0.312
라라171727,127.688055,35.049648,0,0.0889,LL,-0.422
라라171728,127.688057,35.05055,0,0.0811,LL,-0.486
라라171729,127.688059,35.051451,6,0.0633,LL,-0.57
라라171730,127.688062,35.052353,8,0.0534,LL,-0.616
라라171731,127.688064,35.053255,0,0.0716,LL,-0.7
라라171737,127.688076,35.058665,0,0.0588,LL,-0.445
라라171739,127.68808,35.060469,10,0.0507,LL,-0.575
라라171740,127.688082,35.06137,0,0.0721,LL,-0.662
라라171784,127.688173,35.101046,9,0.0581,LL,-0.57
라라171785,127.688175,35.101948,0,0.076,LL,-0.642
라라171787,127.68818,35.103752,0,0.0747,LL,-0.462
라라171798,127.688202,35.113671,0,0.0768,LL,-0.536
라라171799,127.688204,35.114572,7,0.0631,LL,-0.582
라라171807,127.688221,35.121786,0,0.0734,LL,-0.519
라라171810,127.688227,35.124491,0,0.0682,LL,-0.373
라라171811,127.688229,35.125393,8,0.0682,LL,-0.373
라라171813,127.688233,35.127196,0,0.0889,LL,-0.422
라라171816,127.68824,35.129902,0,0.0889,LL,-0.516
라라172594,127.688876,34.929715,6,0.0734,LL,-0.486
라라172600,127.688889,34.935125,339,14.2542,HH,7.777
라라172603,127.688895,34.93783,0,-0.3593,LH,2.34
라라172604,127.688897,34.938732,0,-0.237,LH,1.691
라라172605,127.688899,34.939634,9,-0.0136,LH,0.057
라라172606,127.688901,34.940536,23,-0.0309,LH,0.668
라라172607,127.688903,34.941437,79,0.1906,HH,1.364
라라172608,127.688905,34.942339,54,0.1933,HH,2.902
라라172609,127.688907,34.943241,31,-0.0535,LH,4.715
라라172610,127.688909,34.944143,23,-0.1702,LH,4.539
라라172611,127.688911,34.945044,40,0.0952,HH,5.358
라라172612,127.688913,34.945946,43,0.0989,HH,3.36
라라172613,127.688915,34.946848,83,0.4467,HH,2.788
라라172614,127.688918,34.94775,40,0.007,HH,0.382
라라172615,127.68892,34.948651,35,-0.0,HL,-0.007
라라172616,127.688922,34.949553,25,-0.0195,LH,0.607
라라172617,127.688924,34.950455,7,-0.4822,LH,5.338
라라172618,127.688926,34.951357,703,14.7859,HH,8.76
라라172619,127.688928,34.952258,486,18.0896,HH,12.866
라라172620,127.68893,34.95316,1049,22.2845,HH,9.399
라라172621,127.688932,34.954062,267,6.4041,HH,8.607
라라172622,127.688934,34.954964,485,6.7389,HH,5.665
라라172623,127.688936,34.955865,216,3.8823,HH,5.697
라라172639,127.688969,34.970293,11,0.0605,LL,-0.624
라라172640,127.688971,34.971195,0,0.0841,LL,-0.753
라라172641,127.688973,34.972097,0,0.0889,LL,-0.667
라라172675,127.689044,35.002756,0,0.0889,LL,-0.516
라라172677,127.689048,35.004559,0,0.0625,LL,-0.508
라라172689,127.689073,35.01538,0,0.0682,LL,-0.373
라라172722,127.689141,35.045138,32,0.0059,LL,-0.419
라라172724,127.689146,35.046941,0,0.0,이웃없음,-0.298
라라172730,127.689158,35.052351,11,0.0545,LL,-0.737
라라172731,127.68916,35.053253,10,0.0573,LL,-0.694
라라172732,127.689162,35.054155,0,0.0803,LL,-0.553
라라172739,127.689177,35.060467,0,0.0682,LL,-0.543
라라172740,127.689179,35.061369,22,0.029,LL,-0.593
라라172741,127.689181,35.06227,7,0.0558,LL,-0.471
라라172784,127.689271,35.101045,8,0.0607,LL,-0.635
라라172785,127.689273,35.101946,0,0.0789,LL,-0.761
라라172786,127.689275,35.102848,0,0.0811,LL,-0.78
라라172787,127.689277,35.10375,11,0.0553,LL,-0.639
라라172805,127.689314,35.119981,9,0.0536,LL,-0.475
라라172806,127.689316,35.120883,11,0.0482,LL,-0.616
라라172807,127.689318,35.121784,7,0.0515,LL,-0.54
라라172813,127.689331,35.127195,0,0.0889,LL,-0.422
라라172816,127.689337,35.1299,0,0.0889,LL,-0.422
라라173596,127.689975,34.931517,391,39.0858,HH,20.58
라라173597,127.689977,34.932418,2613,122.2241,HH,20.306
라라173598,127.689979,34.93332,495,35.6081,HH,19.903
라라173599,127.689982,34.934222,591,22.346,HH,12.365
라라173600,127.689984,34.935124,732,27.2743,HH,10.796
라라173603,127.68999,34.937829,24,0.0198,LL,-0.483
라라173604,127.689992,34.938731,16,0.0214,LL,-0.411
라라173605,127.689994,34.939632,82,-0.0665,HL,-0.295
라라173606,127.689996,34.940534,59,-0.0021,HL,0.057
라라173608,127.69,34.942338,159,1.4152,HH,2.836
라라173609,127.690002,34.943239,583,7.8913,HH,5.337
라라173610,127.690004,34.944141,869,9.3269,HH,5.587
라라173611,127.690006,34.945043,244,5.0913,HH,6.484
라라173612,127.690009,34.945944,825,2.8035,HH,3.628
라라173614,127.690013,34.947748,39,0.0033,HH,0.208
라라173615,127.690015,34.94865,87,-0.0143,HL,0.083
라라173616,127.690017,34.949551,0,0.0019,LL,-0.117
라라173617,127.690019,34.950453,0,-0.6378,LH,5.612
라라173618,127.690021,34.951355,670,14.311,HH,8.789
라라173619,127.690023,34.952257,322,12.9294,HH,13.771
라라173620,127.690025,34.953158,418,13.6882,HH,11.404
라라173621,127.690027,34.95406,392,11.4638,HH,10.285
라라173622,127.690029,34.954962,13,-0.6497,LH,8.598
라라173624,127.690034,34.956765,351,6.256,HH,5.318
라라173625,127.690036,34.957667,6,-0.5936,LH,2.642
라라173641,127.690069,34.972095,0,0.0889,LL,-0.516
라라173664,127.690117,34.992835,0,0.0889,LL,-0.422
라라173675,127.69014,35.002754,0,0.0773,LL,-0.471
라라173678,127.690146,35.00546,15,0.0502,LL,-0.442
라라173680,127.69015,35.007263,7,0.0,이웃없음,-0.238
라라173692,127.690175,35.018084,6,0.0734,LL,-0.385
라라173722,127.690238,35.045136,0,0.0064,LL,-0.226
라라173729,127.690253,35.051448,0,0.0818,LL,-0.624
라라173730,127.690255,35.05235,0,0.0798,LL,-0.721
라라173731,127.690257,35.053251,0,0.078,LL,-0.656
라라173740,127.690276,35.061367,0,0.064,LL,-0.471
라라173784,127.690368,35.101043,0,0.0703,LL,-0.604
라라173785,127.69037,35.101945,10,0.0542,LL,-0.754
라라173786,127.690372,35.102846,0,0.0697,LL,-0.685
라라173787,127.690374,35.103748,0,0.0721,LL,-0.662
라라173788,127.690376,35.10465,15,0.0449,LL,-0.484
라라173791,127.690382,35.107355,0,0.0,이웃없음,-0.298
라라173795,127.690391,35.110962,0,0.0,이웃없음,-0.298
라라173805,127.690412,35.119979,0,0.0695,LL,-0.642
라라173806,127.690414,35.120881,8,0.0507,LL,-0.63
라라173807,127.690416,35.121783,18,0.033,LL,-0.58
라라173808,127.690418,35.122684,10,0.0462,LL,-0.485
라라174596,127.69107,34.931515,781,62.7501,HH,22.505
라라174597,127.691072,34.932417,1115,72.4469,HH,22.524
라라174598,127.691074,34.933318,565,32.1014,HH,18.968
라라174599,127.691076,34.93422,467,16.2098,HH,11.257
라라174600,127.691079,34.935122,836,24.7138,HH,9.485
라라174603,127.691085,34.937827,18,0.0187,LL,-0.351
라라174604,127.691087,34.938729,12,0.0073,LL,-0.162
라라174605,127.691089,34.939631,7,-0.0116,LH,0.037
라라174606,127.691091,34.940532,0,-0.1584,LH,0.964
라라174613,127.691106,34.946845,0,-1.0238,LH,3.795
라라174615,127.69111,34.948648,21,-0.0019,LH,-0.014
라라174616,127.691112,34.94955,56,-0.0201,HL,-0.202
라라174617,127.691114,34.950452,39,0.06,HH,3.831
라라174618,127.691116,34.951353,757,10.8423,HH,6.303
라라174619,127.691118,34.952255,375,12.8952,HH,9.161
라라174621,127.691123,34.954058,697,10.3211,HH,6.257
라라174622,127.691125,34.95496,319,8.4766,HH,9.411
라라174623,127.691127,34.955862,699,13.9987,HH,7.705
라라174624,127.691129,34.956764,276,8.2715,HH,8.028
라라174663,127.691211,34.991932,0,0.0889,LL,-0.516
라라174673,127.691231,35.000949,0,0.0717,LL,-0.51
라라174674,127.691234,35.001851,9,0.0615,LL,-0.66
라라174678,127.691242,35.005458,0,0.0502,LL,-0.33
라라174692,127.691271,35.018082,0,0.0743,LL,-0.523
라라174694,127.691276,35.019886,0,0.0648,LL,-0.475
라라174697,127.691282,35.022591,0,0.0889,LL,-0.516
라라174729,127.691349,35.051446,0,0.0889,LL,-0.667
라라174730,127.691351,35.052348,0,0.0889,LL,-0.731
라라174784,127.691465,35.101041,0,0.067,LL,-0.535
라라174785,127.691467,35.101943,18,0.0365,LL,-0.636
라라174786,127.691469,35.102845,13,0.0445,LL,-0.565
라라174788,127.691473,35.104648,0,0.076,LL,-0.532
라라174802,127.691503,35.117272,0,0.0,이웃없음,-0.298
라라174804,127.691507,35.119076,0,0.0798,LL,-0.481
라라174805,127.691509,35.119977,7,0.0634,LL,-0.642
라라174806,127.691511,35.120879,10,0.053,LL,-0.649
라라174808,127.691516,35.122683,0,0.0631,LL,-0.512
라라174809,127.691518,35.123584,12,0.0495,LL,-0.407
라라174812,127.691524,35.12629,0,0.0,이웃없음,-0.298
라라175596,127.692165,34.931513,1049,44.9403,HH,14.95
라라175597,127.692167,34.932415,634,28.2053,HH,14.316
라라175599,127.692171,34.934218,0,-1.5149,LH,7.477
라라175602,127.692178,34.936924,0,-0.7745,LH,5.185
라라175603,127.69218,34.937825,21,-0.1571,LH,3.296
라라175604,127.692182,34.938727,43,0.0303,HH,1.049
라라175606,127.692186,34.940531,69,0.1125,HH,0.969
라라175607,127.692188,34.941432,263,1.4729,HH,2.44
라라175608,127.69219,34.942334,104,1.1978,HH,3.293
라라175616,127.692207,34.949548,0,0.0097,LL,-0.191
라라175617,127.692209,34.95045,7,-0.3665,LH,2.654
라라175621,127.692218,34.954057,293,5.5052,HH,5.411
라라175622,127.69222,34.954959,24,-0.3863,LH,9.63
라라175623,127.692222,34.95586,917,18.2442,HH,8.002
라라175662,127.692304,34.991028,0,0.0708,LL,-0.447
라라175673,127.692327,35.000947,0,0.0749,LL,-0.635
라라175674,127.692329,35.001849,11,0.0558,LL,-0.701
라라175675,127.692332,35.002751,0,0.0717,LL,-0.51
라라175692,127.692367,35.01808,0,0.0747,LL,-0.462
라라175693,127.69237,35.018982,11,0.0605,LL,-0.692
라라175694,127.692372,35.019884,0,0.0708,LL,-0.607
라라175695,127.692374,35.020786,17,0.0432,LL,-0.646
라라175696,127.692376,35.021687,0,0.0734,LL,-0.574
라라175697,127.692378,35.022589,0,0.0889,LL,-0.516
라라175715,127.692416,35.03882,0,0.0,이웃없음,-0.298
라라175729,127.692446,35.051445,0,0.0777,LL,-0.54
라라175785,127.692564,35.101941,6,0.0514,LL,-0.436
라라175788,127.692571,35.104646,0,0.0889,LL,-0.422
라라175806,127.692609,35.120877,0,0.0743,LL,-0.523
라라175807,127.692611,35.121779,0,0.0803,LL,-0.553
라라176595,127.693258,34.93061,759,29.4705,HH,10.195
라라176596,127.69326,34.931511,232,8.7661,HH,11.189
라라176597,127.693262,34.932413,246,8.8191,HH,9.454
라라176601,127.693271,34.93602,390,7.6732,HH,6.357
라라176602,127.693273,34.936922,791,14.8825,HH,7.952
라라176603,127.693275,34.937824,456,7.3031,HH,6.256
라라176604,127.693277,34.938725,13,-0.2052,LH,2.436
라라176605,127.693279,34.939627,49,-0.0005,HL,0.038
라라176606,127.693281,34.940529,19,-0.0589,LH,1.043
라라176607,127.693283,34.941431,131,0.9474,HH,3.311
라라176608,127.693286,34.942332,402,6.114,HH,5.571
라라176610,127.69329,34.944136,15,-0.4369,LH,3.808
라라176612,127.693294,34.945939,7,0.0616,LL,-0.437
라라176622,127.693315,34.954957,239,4.1835,HH,5.028
라라176662,127.6934,34.991026,14,0.0528,LL,-0.536
라라176670,127.693417,34.99824,0,0.067,LL,-0.432
라라176671,127.693419,34.999142,17,0.0451,LL,-0.523
라라176673,127.693423,35.000946,7,0.0663,LL,-0.667
라라176674,127.693425,35.001847,0,0.0796,LL,-0.667
라라176694,127.693468,35.019882,0,0.0738,LL,-0.675
라라176695,127.69347,35.020784,7,0.065,LL,-0.711
라라176727,127.693538,35.049639,0,0.0721,LL,-0.452
라라176728,127.69354,35.050541,13,0.0554,LL,-0.54
라라177589,127.69434,34.925197,0,0.0889,LL,-0.422
라라177596,127.694355,34.93151,457,10.5146,HH,7.917
라라177599,127.694361,34.934215,0,-1.0564,LH,5.169
라라177600,127.694364,34.935117,0,-0.7486,LH,5.587
라라177601,127.694366,34.936018,221,4.586,HH,7.619
라라177602,127.694368,34.93692,606,10.6084,HH,7.382
라라177603,127.69437,34.937822,392,7.4201,HH,6.62
라라177605,127.694374,34.939625,13,0.004,LL,-0.122
라라177606,127.694376,34.940527,47,0.0122,HH,0.275
라라177607,127.694378,34.941429,26,-0.0835,LH,2.554
라라177608,127.694381,34.942331,398,5.4739,HH,4.843
라라177609,127.694383,34.943232,622,7.4713,HH,5.26
라라177610,127.694385,34.944134,373,2.6814,HH,3.067
라라177611,127.694387,34.945036,9,-0.0597,LH,0.593
라라177612,127.694389,34.945938,0,0.0625,LL,-0.508
라라177616,127.694398,34.949545,0,-0.1601,LH,0.657
라라177617,127.6944,34.950446,290,1.6234,HH,2.404
라라177618,127.694402,34.951348,598,6.1803,HH,4.581
라라177619,127.694404,34.95225,594,3.9726,HH,3.653
라라177620,127.694406,34.953152,0,-0.2429,LH,1.542
라라177621,127.694408,34.954053,0,-0.0824,LH,0.362
라라177661,127.694494,34.990123,0,0.0798,LL,-0.613
라라177662,127.694496,34.991025,0,0.0798,LL,-0.613
라라177671,127.694515,34.99914,0,0.0785,LL,-0.711
라라177672,127.694517,35.000042,0,0.0755,LL,-0.688
라라177673,127.694519,35.000944,0,0.0798,LL,-0.613
라라177694,127.694564,35.01988,0,0.0828,LL,-0.566
라라177695,127.694566,35.020782,0,0.0828,LL,-0.566
라라177727,127.694635,35.049638,0,0.0777,LL,-0.54
라라178590,127.695437,34.926097,0,0.0889,LL,-0.516
라라178595,127.695448,34.930606,78,0.3906,HH,2.028
라라178596,127.69545,34.931508,55,0.4615,HH,5.979
라라178597,127.695452,34.93241,837,13.9302,HH,6.936
라라178599,127.695456,34.934213,589,14.7242,HH,8.786
라라178600,127.695459,34.935115,745,12.7973,HH,7.612
라라178601,127.695461,34.936017,6,-0.5574,LH,5.96
라라178602,127.695463,34.936918,9,-0.2346,LH,2.769
라라178603,127.695465,34.93782,0,-0.4371,LH,2.873
라라178608,127.695476,34.942329,0,-0.3919,LH,2.871
라라178610,127.69548,34.944132,41,0.0559,HH,2.486
라라178611,127.695482,34.945034,16,-0.0953,LH,1.538
라라178612,127.695484,34.945936,9,-0.1672,LH,1.639
라라178616,127.695493,34.949543,0,-0.2516,LH,1.802
라라178617,127.695495,34.950445,0,-0.3339,LH,2.89
라라178618,127.695497,34.951346,0,-0.4208,LH,3.669
라라178619,127.695499,34.952248,23,-0.1089,LH,2.893
라라178620,127.695501,34.95315,27,-0.0281,LH,1.137
라라178621,127.695504,34.954052,0,0.0672,LL,-0.582
라라178640,127.695544,34.971185,0,0.0889,LL,-0.516
라라178641,127.695546,34.972086,0,0.0889,LL,-0.422
라라178645,127.695555,34.975693,0,0.0,이웃없음,-0.298
라라178661,127.695589,34.990121,0,0.0824,LL,-0.628
라라178662,127.695591,34.991023,0,0.0824,LL,-0.628
라라178669,127.695606,34.997335,0,0.0889,LL,-0.422
라라178670,127.695609,34.998237,0,0.0889,LL,-0.596
라라178671,127.695611,34.999139,0,0.0843,LL,-0.64
라라178672,127.695613,35.00004,7,0.0708,LL,-0.64
라라178728,127.695733,35.050538,0,0.082,LL,-0.562
라라178729,127.695735,35.051439,0,0.0785,LL,-0.476
라라179589,127.69653,34.925194,0,0.0889,LL,-0.422
라라179595,127.696543,34.930604,50,0.02,HH,0.36
라라179596,127.696545,34.931506,57,0.482,HH,6.681
라라179597,127.696547,34.932408,537,11.8526,HH,8.298
라라179598,127.696549,34.93331,229,7.4568,HH,11.585
라라179599,127.696551,34.934211,599,14.6275,HH,9.154
라라179600,127.696554,34.935113,768,11.8973,HH,7.125
라라179601,127.696556,34.936015,23,-0.1406,LH,3.744
라라179602,127.696558,34.936917,0,0.0531,LL,-0.575
라라179603,127.69656,34.937818,14,0.0418,LL,-0.554
라라179607,127.696569,34.941425,56,-0.004,HL,0.032
라라179608,127.696571,34.942327,9,0.0352,LL,-0.446
라라179609,127.696573,34.943229,9,0.0352,LL,-0.474
라라179610,127.696575,34.944131,11,0.0247,LL,-0.373
라라179611,127.696577,34.945032,8,-0.0757,LH,0.806
라라179612,127.696579,34.945934,377,0.9261,HH,1.822
라라179613,127.696582,34.946836,324,1.0916,HH,1.936
라라179614,127.696584,34.947738,0,-0.1692,LH,1.038
라라179615,127.696586,34.948639,95,0.207,HH,1.097
라라179616,127.696588,34.949541,393,-0.0821,HL,1.03
라라179617,127.69659,34.950443,15,-0.0451,LH,0.659
라라179618,127.696592,34.951345,17,0.0124,LL,-0.269
라라179619,127.696594,34.952246,46,-0.0119,HL,-0.287
라라179620,127.696597,34.953148,9,0.0257,LL,-0.367
라라179621,127.696599,34.95405,6,0.0511,LL,-0.481
라라179639,127.696638,34.970281,0,0.0889,LL,-0.422
라라179661,127.696685,34.990119,10,0.0599,LL,-0.601
라라179729,127.696832,35.051438,8,0.0682,LL,-0.562
라라179782,127.696947,35.099229,0,0.0,이웃없음,-0.298
라라180591,127.697629,34.926996,0,0.0682,LL,-0.437
라라180595,127.697638,34.930603,59,0.0009,HH,0.095
라라180596,127.69764,34.931504,10,-0.3285,LH,4.072
라라180597,127.697642,34.932406,945,7.894,HH,5.303
라라180598,127.697644,34.933308,320,5.59,HH,6.871
라라180599,127.697646,34.93421,9,-0.4086,LH,4.877
라라180600,127.697649,34.935111,11,-0.2612,LH,3.366
라라180601,127.697651,34.936013,32,-0.0158,LH,1.807
라라180602,127.697653,34.936915,15,0.0306,LL,-0.475
라라180603,127.697655,34.937817,12,0.0417,LL,-0.419
라라180606,127.697662,34.940522,143,1.8543,HH,4.423
라라180607,127.697664,34.941424,0,-0.0421,LH,0.245
라라180608,127.697666,34.942325,8,-0.0047,LH,-0.022
라라180609,127.697668,34.943227,23,-0.0061,LH,0.131
라라180610,127.69767,34.944129,20,-0.0106,LH,0.165
라라180611,127.697672,34.945031,26,-0.0425,LH,1.286
라라180612,127.697675,34.945932,82,0.4203,HH,2.259
라라180613,127.697677,34.946834,30,-0.0418,LH,2.181
라라180614,127.697679,34.947736,12,-0.1063,LH,1.038
라라180615,127.697681,34.948637,40,0.0299,HH,1.306
라라180616,127.697683,34.949539,37,0.0124,HH,1.312
라라180617,127.697685,34.950441,33,-0.0054,LH,1.021
라라180618,127.697688,34.951343,44,-0.0049,HL,-0.131
라라180619,127.69769,34.952244,39,-0.0038,HL,-0.226
라라180620,127.697692,34.953146,6,0.0308,LL,-0.356
라라180660,127.697779,34.989216,7,0.0385,LL,-0.396
라라180661,127.697781,34.990118,0,0.0438,LL,-0.396
라라180665,127.697789,34.993725,0,0.0721,LL,-0.452
라라180666,127.697792,34.994626,6,0.0697,LL,-0.617
라라180667,127.697794,34.995528,0,0.0805,LL,-0.617
라라180668,127.697796,34.99643,0,0.0889,LL,-0.596
라라180669,127.697798,34.997332,0,0.0889,LL,-0.422
라라180729,127.697928,35.051436,0,0.0682,LL,-0.373
라라181590,127.698722,34.926092,8,0.0682,LL,-0.476
라라181592,127.698726,34.927896,8,0.0682,LL,-0.476
라라181595,127.698733,34.930601,43,-0.0041,HL,-0.047
라라181596,127.698735,34.931503,15,-0.2108,LH,2.776
라라181597,127.698737,34.932404,7,-0.3263,LH,3.317
라라181598,127.698739,34.933306,30,-0.0461,LH,3.153
라라181599,127.698741,34.934208,18,-0.0309,LH,0.532
라라181600,127.698744,34.93511,18,0.0205,LL,-0.431
라라181601,127.698746,34.936011,0,0.0425,LL,-0.436
라라181605,127.698754,34.939618,1164,1.7458,HH,4.352
라라181606,127.698757,34.94052,64,0.3881,HH,3.862
라라181607,127.698759,34.941422,33,-0.0031,LH,0.633
라라181608,127.698761,34.942323,43,0.0266,HH,0.99
라라181609,127.698763,34.943225,122,0.325,HH,1.4
라라181610,127.698765,34.944127,111,0.3256,HH,1.368
라라181617,127.698781,34.950439,30,0.0016,LL,-0.106
라라181618,127.698783,34.951341,41,-0.0059,HL,-0.264
라라181619,127.698785,34.952243,0,0.0262,LL,-0.312
라라181660,127.698874,34.989214,26,0.0164,LL,-0.534
라라181661,127.698876,34.990116,27,0.0044,LL,-0.178
라라181666,127.698887,34.994625,7,0.0658,LL,-0.77
라라181667,127.69889,34.995526,0,0.0785,LL,-0.711
라라181779,127.699134,35.09652,0,0.0,이웃없음,-0.298
라라182591,127.699819,34.926992,0,0.0682,LL,-0.437
라라182597,127.699832,34.932402,12,0.0264,LL,-0.356
라라182598,127.699834,34.933304,22,0.0137,LL,-0.352
라라182599,127.699836,34.934206,41,-0.0067,HL,-0.301
라라182600,127.699839,34.935108,26,0.0121,LL,-0.466
라라182601,127.699841,34.936009,6,0.0475,LL,-0.531
라라182603,127.699845,34.937813,0,0.0889,LL,-0.667
라라182604,127.699847,34.938715,0,-0.5143,LH,3.403
라라182605,127.69985,34.939616,7,-0.3706,LH,3.45
라라182606,127.699852,34.940518,62,0.4149,HH,4.409
라라182607,127.699854,34.94142,66,0.2026,HH,2.077
라라182608,127.699856,34.942322,111,0.634,HH,2.781
라라182609,127.699858,34.943223,248,2.2655,HH,3.893
라라182610,127.69986,34.944125,110,1.0085,HH,3.424
라라182617,127.699876,34.950437,16,-0.4169,LH,5.263
라라182618,127.699878,34.951339,8,-0.4975,LH,5.724
라라182619,127.69988,34.952241,8,-0.6261,LH,5.492
라라182653,127.699955,34.9829,11,0.0377,LL,-0.332
라라182658,127.699966,34.987409,0,0.0554,LL,-0.428
라라182659,127.699968,34.988311,0,0.0446,LL,-0.453
라라182660,127.69997,34.989212,0,0.0263,LL,-0.324
라라182661,127.699972,34.990114,18,-0.0027,LH,-0.003
라라182662,127.699974,34.991016,109,-0.0973,HL,-0.1
라라182663,127.699977,34.991918,0,-0.0,LH,-0.133
라라182665,127.699981,34.993721,0,0.0605,LL,-0.536
라라182666,127.699983,34.994623,11,0.0503,LL,-0.639
라라182667,127.699985,34.995525,0,0.0773,LL,-0.597
라라182725,127.700113,35.047825,9,0.0,이웃없음,-0.22
라라182756,127.700181,35.075779,0,0.0,이웃없음,-0.298
라라182773,127.700218,35.091108,0,0.0889,LL,-0.516
라라183598,127.700929,34.933302,20,0.0021,LL,-0.085
라라183599,127.700931,34.934204,11,0.0003,LL,-0.08
라라183600,127.700934,34.935106,20,0.0111,LL,-0.263
라라183601,127.700936,34.936008,9,0.0459,LL,-0.515
라라183602,127.700938,34.936909,0,0.0824,LL,-0.74
라라183603,127.70094,34.937811,0,0.0889,LL,-0.731
라라183604,127.700942,34.938713,0,0.0852,LL,-0.706
라라183606,127.700947,34.940516,0,-0.2054,LH,1.1
라라183607,127.700949,34.941418,322,1.3487,HH,2.172
라라183608,127.700951,34.94232,330,1.6657,HH,2.519
라라183609,127.700953,34.943222,0,-0.4185,LH,3.648
라라183610,127.700956,34.944123,586,2.977,HH,3.223
라라183617,127.700971,34.950436,487,7.5101,HH,5.52
라라183618,127.700973,34.951337,1116,12.132,HH,6.583
라라183619,127.700975,34.952239,590,8.9445,HH,6.044
라라183648,127.701039,34.97839,0,0.0528,LL,-0.377
라라183649,127.701041,34.979291,10,0.0466,LL,-0.377
라라183651,127.701046,34.981095,0,0.0541,LL,-0.382
라라183653,127.70105,34.982898,18,0.028,LL,-0.416
라라183654,127.701052,34.9838,8,0.041,LL,-0.423
라라183658,127.701061,34.987407,15,0.031,LL,-0.445
라라183659,127.701064,34.988309,24,0.0145,LL,-0.457
라라183660,127.701066,34.989211,38,-0.0035,HL,-0.298
라라183661,127.701068,34.990112,37,-0.0005,HL,-0.053
라라183662,127.70107,34.991014,20,0.0063,LL,-0.168
라라183663,127.701072,34.991916,0,0.0232,LL,-0.289
라라183664,127.701075,34.992818,9,0.0568,LL,-0.668
라라183665,127.701077,34.993719,28,0.0153,LL,-0.697
라라183666,127.701079,34.994621,0,0.0721,LL,-0.662
라라183671,127.70109,34.99913,0,0.0,이웃없음,-0.298
라라183730,127.70122,35.052332,6,0.0,이웃없음,-0.246
라라183772,127.701313,35.090205,0,0.0779,LL,-0.601
라라183773,127.701315,35.091106,0,0.0801,LL,-0.671
라라184599,127.702026,34.934202,77,-0.0771,HL,-0.279
라라184601,127.702031,34.936006,0,0.0702,LL,-0.555
라라184603,127.702035,34.937809,0,0.0889,LL,-0.596
라라184608,127.702046,34.942318,15,-0.1419,LH,1.652
라라184609,127.702048,34.94322,8,-0.2423,LH,2.541
라라184610,127.702051,34.944122,168,0.8403,HH,1.959
라라184617,127.702066,34.950434,0,-0.8157,LH,5.467
라라184618,127.702068,34.951336,144,2.1982,HH,6.517
라라184619,127.702071,34.952237,225,3.2682,HH,5.5
라라184620,127.702073,34.953139,0,-0.4359,LH,2.484
라라184649,127.702137,34.97929,18,0.0319,LL,-0.515
라라184651,127.702141,34.981093,12,0.0395,LL,-0.494
라라184652,127.702144,34.981995,15,0.0381,LL,-0.577
라라184654,127.702148,34.983798,13,0.0428,LL,-0.547
라라184655,127.70215,34.9847,13,0.0469,LL,-0.535
라라184656,127.702153,34.985602,0,0.0777,LL,-0.54
라라184658,127.702157,34.987405,7,0.0318,LL,-0.371
라라184659,127.702159,34.988307,35,-0.0004,HL,-0.254
라라184660,127.702161,34.989209,33,0.0009,LL,-0.18
라라184661,127.702164,34.99011,22,0.0111,LL,-0.31
라라184662,127.702166,34.991012,15,0.028,LL,-0.471
라라184664,127.70217,34.992816,0,0.0646,LL,-0.565
라라184665,127.702173,34.993717,0,0.073,LL,-0.668
라라184666,127.702175,34.994619,0,0.0708,LL,-0.559
라라184668,127.702179,34.996423,0,0.0889,LL,-0.422
라라184669,127.702181,34.997324,0,0.0889,LL,-0.422
라라184772,127.70241,35.090203,0,0.0779,LL,-0.601
라라184773,127.702413,35.091105,17,0.0451,LL,-0.671
라라184774,127.702415,35.092006,0,0.0779,LL,-0.601
라라184776,127.702419,35.09381,0,0.0725,LL,-0.514
라라185599,127.703121,34.934201,0,-0.0103,LH,-0.132
라라185600,127.703124,34.935102,0,0.0227,LL,-0.264
라라185609,127.703144,34.943218,0,-0.0341,LH,0.072
라라185610,127.703146,34.94412,0,-0.0622,LH,0.164
라라185613,127.703153,34.946825,0,0.0,이웃없음,-0.298
라라185617,127.703161,34.950432,9,-0.0029,LH,-0.075
라라185618,127.703164,34.951334,0,-0.1059,LH,0.604
라라185619,127.703166,34.952235,0,-0.1012,LH,0.572
라라185620,127.703168,34.953137,0,-0.1043,LH,0.376
라라185641,127.703215,34.972074,0,0.0,이웃없음,-0.298
라라185648,127.70323,34.978386,7,0.0318,LL,-0.346
라라185649,127.703233,34.979288,6,0.0277,LL,-0.348
라라185650,127.703235,34.980189,20,0.0185,LL,-0.41
라라185651,127.703237,34.981091,20,0.0234,LL,-0.507
라라185652,127.703239,34.981993,0,0.0613,LL,-0.614
라라185653,127.703242,34.982895,0,0.06,LL,-0.533
라라185655,127.703246,34.984698,0,0.0665,LL,-0.484
라라185657,127.70325,34.986502,0,0.0798,LL,-0.481
라라185659,127.703255,34.988305,21,0.0156,LL,-0.321
라라185660,127.703257,34.989207,20,0.0141,LL,-0.302
라라185661,127.703259,34.990109,18,0.024,LL,-0.436
라라185662,127.703262,34.99101,0,0.047,LL,-0.416
라라185663,127.703264,34.991912,10,0.0539,LL,-0.488
라라185666,127.703271,34.994617,0,0.0889,LL,-0.596
라라185724,127.7034,35.046918,0,0.0,이웃없음,-0.298
라라185773,127.70351,35.091103,0,0.0743,LL,-0.523
라라185775,127.703514,35.092906,0,0.0811,LL,-0.62
라라185776,127.703516,35.093808,12,0.055,LL,-0.593
라라185777,127.703519,35.09471,7,0.0626,LL,-0.514
라라186603,127.704225,34.937806,0,0.0889,LL,-0.516
라라186616,127.704254,34.949528,0,0.0657,LL,-0.367
라라186648,127.704326,34.978384,18,0.0228,LL,-0.385
라라186649,127.704328,34.979286,34,0.0006,LL,-0.368
라라186650,127.70433,34.980188,32,0.003,LL,-0.376
라라186651,127.704333,34.981089,0,0.0432,LL,-0.465
라라186652,127.704335,34.981991,11,0.0492,LL,-0.673
라라186653,127.704337,34.982893,17,0.0406,LL,-0.611
라라186660,127.704353,34.989205,0,0.0509,LL,-0.439
라라186666,127.704366,34.994616,0,0.0889,LL,-0.516
라라186729,127.704508,35.051425,0,0.0889,LL,-0.422
라라186730,127.70451,35.052327,0,0.0889,LL,-0.422
라라186766,127.704591,35.084789,0,0.065,LL,-0.524
라라186767,127.704593,35.08569,18,0.0319,LL,-0.515
라라186768,127.704595,35.086592,9,0.0409,LL,-0.431
라라186776,127.704613,35.093806,0,0.0725,LL,-0.514
라라187601,127.705316,34.936,0,0.0889,LL,-0.422
라라187603,127.70532,34.937804,0,0.0889,LL,-0.667
라라187604,127.705323,34.938706,0,0.0212,LL,-0.261
라라187606,127.705327,34.940509,0,-0.0554,LH,0.042
라라187648,127.705422,34.978382,6,0.0398,LL,-0.431
라라187649,127.705424,34.979284,27,0.0099,LL,-0.428
라라187650,127.705426,34.980186,33,0.0021,LL,-0.442
라라187651,127.705428,34.981088,8,0.0356,LL,-0.44
라라187653,127.705433,34.982891,0,0.0597,LL,-0.449
라라187654,127.705435,34.983793,6,0.0613,LL,-0.497
라라187655,127.705437,34.984695,0,0.0811,LL,-0.486
라라187656,127.70544,34.985596,0,0.0889,LL,-0.422
라라187660,127.705449,34.989203,0,0.0889,LL,-0.422
라라187667,127.705464,34.995515,0,0.0889,LL,-0.422
라라187765,127.705686,35.083885,0,0.0889,LL,-0.731
라라187766,127.705688,35.084787,0,0.0752,LL,-0.731
라라187767,127.70569,35.085689,19,0.033,LL,-0.702
라라187768,127.705692,35.08659,15,0.0394,LL,-0.639
라라187769,127.705695,35.087492,0,0.0695,LL,-0.551
라라187774,127.705706,35.092001,0,0.0,이웃없음,-0.298
라라188602,127.706413,34.9369,0,0.0889,LL,-0.596
라라188603,127.706415,34.937802,0,0.0889,LL,-0.596
라라188605,127.70642,34.939605,105,0.6027,HH,2.27
라라188606,127.706422,34.940507,7,-0.2753,LH,2.27
라라188648,127.706517,34.97838,0,0.0667,LL,-0.579
라라188649,127.706519,34.979282,0,0.0554,LL,-0.534
라라188650,127.706522,34.980184,12,0.0314,LL,-0.409
라라188651,127.706524,34.981086,11,0.0295,LL,-0.32
라라188708,127.706653,35.032485,0,0.0,이웃없음,-0.298
라라188713,127.706664,35.036993,0,0.0889,LL,-0.422
라라188714,127.706667,35.037895,0,0.0811,LL,-0.486
라라188715,127.706669,35.038797,6,0.0734,LL,-0.486
라라188716,127.706671,35.039699,0,0.0734,LL,-0.385
라라188728,127.706699,35.050519,0,0.0889,LL,-0.422
라라188764,127.70678,35.082982,0,0.0889,LL,-0.516
라라188765,127.706783,35.083883,0,0.0889,LL,-0.731
라라188766,127.706785,35.084785,0,0.0807,LL,-0.727
라라188767,127.706787,35.085687,0,0.0717,LL,-0.658
라라188768,127.70679,35.086588,6,0.0589,LL,-0.589
라라188769,127.706792,35.08749,0,0.0708,LL,-0.506
라라189605,127.707515,34.939604,629,10.5682,HH,6.3
라라189606,127.707517,34.940505,109,1.5537,HH,5.721
라라189607,127.707519,34.941407,0,-0.4761,LH,2.247
라라189616,127.70754,34.949523,0,0.0,이웃없음,-0.298
라라189647,127.70761,34.977477,10,0.0553,LL,-0.562
라라189648,127.707613,34.978379,0,0.0734,LL,-0.672
라라189655,127.707629,34.984691,0,0.0,이웃없음,-0.298
라라189661,127.707642,34.990101,0,0.0889,LL,-0.422
라라189682,127.70769,35.009038,0,0.0794,LL,-0.549
라라189683,127.707692,35.009939,0,0.0747,LL,-0.462
라라189727,127.707793,35.049616,0,0.0889,LL,-0.422
라라189731,127.707802,35.053223,0,0.0,이웃없음,-0.298
라라189766,127.707882,35.084783,0,0.082,LL,-0.737
라라190603,127.708605,34.937798,8,0.0682,LL,-0.476
라라190605,127.70861,34.939602,600,11.7499,HH,6.907
라라190606,127.708612,34.940503,542,8.9357,HH,6.283
라라190647,127.708706,34.977475,17,0.0425,LL,-0.635
라라190648,127.708708,34.978377,0,0.0691,LL,-0.639
라라190649,127.708711,34.979278,9,0.0596,LL,-0.698
라라190650,127.708713,34.98018,0,0.0663,LL,-0.532
라라190662,127.70874,34.991001,0,0.0889,LL,-0.422
라라190681,127.708784,35.008134,0,0.0794,LL,-0.549
라라190682,127.708786,35.009036,11,0.0605,LL,-0.549
라라190765,127.708977,35.08388,0,0.0682,LL,-0.437
라라190766,127.708979,35.084781,16,0.0476,LL,-0.527
라라190767,127.708981,35.085683,0,0.0682,LL,-0.437
라라191602,127.709698,34.936895,0,0.076,LL,-0.532
라라191603,127.7097,34.937796,0,0.0792,LL,-0.609
라라191605,127.709705,34.9396,6,-0.6819,LH,4.846
라라191606,127.709707,34.940502,278,6.3296,HH,5.567
라라191619,127.709737,34.952224,0,0.0,이웃없음,-0.298
라라191633,127.709769,34.964849,0,0.0889,LL,-0.516
라라191634,127.709772,34.96575,0,0.0889,LL,-0.596
라라191635,127.709774,34.966652,0,0.0889,LL,-0.596
라라191645,127.709797,34.97567,0,0.0889,LL,-0.422
라라191646,127.709799,34.976571,0,0.067,LL,-0.432
라라191648,127.709804,34.978375,0,0.0657,LL,-0.528
라라191649,127.709806,34.979277,10,0.0565,LL,-0.632
라라191650,127.709808,34.980178,9,0.0533,LL,-0.532
라라191651,127.709811,34.98108,7,0.0626,LL,-0.578
라라191652,127.709813,34.981982,7,0.0636,LL,-0.447
라라191670,127.709854,34.998213,6,0.0521,LL,-0.489
라라191671,127.709857,34.999115,0,0.0631,LL,-0.512
라라191680,127.709878,35.00723,0,0.0708,LL,-0.506
라라191763,127.710069,35.082074,0,0.0,이웃없음,-0.298
라라192603,127.710796,34.937794,7,0.0677,LL,-0.617
라라192604,127.710798,34.938696,0,0.0791,LL,-0.664
라라192624,127.710844,34.956731,0,0.0,이웃없음,-0.298
라라192634,127.710867,34.965749,0,-0.2166,LH,1.362
라라192636,127.710872,34.967552,0,0.0889,LL,-0.422
라라192643,127.710888,34.973864,0,0.0,이웃없음,-0.298
라라192652,127.710909,34.98198,0,0.0768,LL,-0.536
라라192664,127.710936,34.992801,7,0.051,LL,-0.441
라라192665,127.710939,34.993703,11,0.0459,LL,-0.441
라라192669,127.710948,34.997309,13,0.0377,LL,-0.342
라라192670,127.71095,34.998211,16,0.0373,LL,-0.489
라라192671,127.710953,34.999113,11,0.0478,LL,-0.512
라라192672,127.710955,35.000015,7,0.0595,LL,-0.427
라라192678,127.710969,35.005425,0,0.0779,LL,-0.601
라라192679,127.710971,35.006327,0,0.0725,LL,-0.665
라라192680,127.710973,35.007229,21,0.0305,LL,-0.52
라라192699,127.711017,35.024362,0,0.0605,LL,-0.354
라라193604,127.711893,34.938694,6,0.0684,LL,-0.54
라라193605,127.711895,34.939596,0,0.0811,LL,-0.486
라라193632,127.711958,34.963943,96,1.5757,HH,4.715
라라193633,127.71196,34.964845,340,3.6494,HH,4.136
라라193634,127.711962,34.965747,253,2.0433,HH,2.782
라라193640,127.711976,34.971157,0,0.076,LL,-0.467
라라193645,127.711988,34.975666,0,0.064,LL,-0.471
라라193646,127.71199,34.976568,22,0.03,LL,-0.471
라라193648,127.711995,34.978371,0,0.0889,LL,-0.516
라라193649,127.711997,34.979273,0,0.0889,LL,-0.596
라라193650,127.712,34.980175,0,0.0889,LL,-0.516
라라193652,127.712004,34.981978,0,0.0889,LL,-0.516
라라193657,127.712016,34.986487,0,0.0,이웃없음,-0.298
라라193664,127.712032,34.992799,0,0.0734,LL,-0.672
라라193665,127.712035,34.993701,18,0.0381,LL,-0.604
라라193677,127.712062,35.004521,0,0.0816,LL,-0.681
라라193678,127.712065,35.005423,0,0.0642,LL,-0.639
라라193679,127.712067,35.006325,17,0.0335,LL,-0.641
라라193680,127.712069,35.007227,0,0.0507,LL,-0.469
라라193694,127.712102,35.019851,6,0.0337,LL,-0.328
라라193695,127.712104,35.020753,12,0.027,LL,-0.363
라라193696,127.712107,35.021654,22,0.0167,LL,-0.36
라라193697,127.712109,35.022556,7,0.0491,LL,-0.519
라라193698,127.712111,35.023458,11,0.0574,LL,-0.597
라라193728,127.712181,35.05051,7,0.0565,LL,-0.532
라라193729,127.712184,35.051412,10,0.0479,LL,-0.445
라라193760,127.712256,35.079365,0,0.0889,LL,-0.422
라라194623,127.713032,34.955826,0,0.0,이웃없음,-0.298
라라194632,127.713053,34.963941,519,5.133,HH,4.214
라라194633,127.713056,34.964843,274,3.0436,HH,4.375
라라194634,127.713058,34.965745,25,-0.1487,LH,4.08
라라194636,127.713063,34.967548,187,2.3967,HH,3.388
라라194637,127.713065,34.96845,82,0.6614,HH,2.098
라라194640,127.713072,34.971155,10,0.0631,LL,-0.553
라라194641,127.713074,34.972057,0,0.0824,LL,-0.628
라라194645,127.713084,34.975664,7,0.0558,LL,-0.471
라라194646,127.713086,34.976566,0,0.064,LL,-0.471
라라194648,127.713091,34.978369,0,0.0889,LL,-0.516
라라194651,127.713098,34.981074,0,0.0889,LL,-0.596
라라194659,127.713116,34.988288,0,0.0657,LL,-0.427
라라194663,127.713126,34.991895,0,0.0753,LL,-0.586
라라194664,127.713128,34.992797,0,0.0755,LL,-0.688
라라194665,127.71313,34.993699,0,0.0734,LL,-0.574
라라194676,127.713156,35.003618,0,0.0889,LL,-0.596
라라194677,127.713158,35.00452,0,0.0695,LL,-0.642
라라194678,127.713161,35.005421,14,0.0346,LL,-0.581
라라194679,127.713163,35.006323,36,-0.0027,HL,-0.511
라라194680,127.713165,35.007225,0,0.0476,LL,-0.419
라라194694,127.713198,35.019849,0,0.0167,LL,-0.234
라라194695,127.7132,35.020751,44,-0.0098,HL,-0.266
라라194696,127.713203,35.021653,20,0.0115,LL,-0.287
라라194697,127.713205,35.022554,0,0.0493,LL,-0.54
라라194698,127.713208,35.023456,0,0.0601,LL,-0.57
라라194700,127.713212,35.025259,0,0.0618,LL,-0.412
라라194711,127.713238,35.035179,0,0.0,이웃없음,-0.298
라라194726,127.713273,35.048705,0,0.0889,LL,-0.516
라라194727,127.713275,35.049606,0,0.076,LL,-0.642
라라194728,127.713278,35.050508,18,0.0395,LL,-0.737
라라194729,127.71328,35.05141,0,0.0738,LL,-0.675
라라194760,127.713353,35.079363,0,0.0889,LL,-0.422
라라194762,127.713358,35.081167,0,0.0889,LL,-0.422
라라195615,127.714109,34.94861,0,0.0,이웃없음,-0.298
라라195621,127.714123,34.95402,0,0.0,이웃없음,-0.298
라라195630,127.714144,34.962136,6,0.0585,LL,-0.342
라라195631,127.714146,34.963038,7,-0.2939,LH,1.737
라라195633,127.714151,34.964841,165,2.4156,HH,5.705
라라195634,127.714153,34.965743,35,0.0118,HH,6.705
라라195635,127.714156,34.966645,398,5.862,HH,5.424
라라195636,127.714158,34.967546,255,4.0539,HH,4.661
라라195641,127.71417,34.972055,0,0.0775,LL,-0.653
라라195642,127.714172,34.972957,0,0.0663,LL,-0.532
라라195651,127.714193,34.981072,0,0.0889,LL,-0.422
라라195655,127.714203,34.984679,0,0.0889,LL,-0.422
라라195659,127.714212,34.988286,18,0.0391,LL,-0.555
라라195660,127.714214,34.989188,0,0.0674,LL,-0.626
라라195661,127.714217,34.99009,8,0.0493,LL,-0.533
라라195662,127.714219,34.990992,14,0.0377,LL,-0.551
라라195663,127.714221,34.991893,7,0.0523,LL,-0.547
라라195665,127.714226,34.993697,6,0.0734,LL,-0.486
라라195677,127.714254,35.004518,0,0.0599,LL,-0.493
라라195678,127.714257,35.005419,31,0.0058,LL,-0.406
라라195679,127.714259,35.006321,11,0.025,LL,-0.311
라라195695,127.714297,35.020749,50,-0.0191,HL,-0.306
라라195696,127.714299,35.021651,35,-0.0005,HL,-0.293
라라195697,127.714301,35.022552,21,0.023,LL,-0.529
라라195698,127.714304,35.023454,7,0.0486,LL,-0.515
라라195699,127.714306,35.024356,21,0.033,LL,-0.559
라라195700,127.714308,35.025258,0,0.0618,LL,-0.412
라라195716,127.714346,35.039685,0,0.0889,LL,-0.422
라라195727,127.714372,35.049604,0,0.0763,LL,-0.74
라라195728,127.714374,35.050506,0,0.0785,LL,-0.758
라라195729,127.714377,35.051408,0,0.0796,LL,-0.667
라라195730,127.714379,35.052309,0,0.0889,LL,-0.516
라라195754,127.714436,35.073951,0,0.0,이웃없음,-0.298
라라195758,127.714445,35.077558,0,0.076,LL,-0.467
라라195762,127.714454,35.081165,0,0.0889,LL,-0.422
라라196628,127.715235,34.96033,0,0.0,이웃없음,-0.298
라라196632,127.715244,34.963937,8,-0.2694,LH,2.584
라라196633,127.715246,34.964839,571,6.3659,HH,5.042
라라196634,127.715249,34.965741,545,11.801,HH,8.613
라라196635,127.715251,34.966643,456,10.2118,HH,7.741
라라196640,127.715263,34.971151,6,0.0734,LL,-0.385
라라196642,127.715268,34.972955,6,0.0516,LL,-0.485
라라196643,127.71527,34.973857,29,0.0109,LL,-0.431
라라196644,127.715272,34.974758,14,0.0348,LL,-0.431
라라196645,127.715275,34.97566,6,0.0585,LL,-0.417
라라196647,127.715279,34.977464,0,0.0889,LL,-0.422
라라196656,127.715301,34.985579,0,0.0889,LL,-0.422
라라196659,127.715308,34.988284,11,0.0526,LL,-0.555
라라196660,127.71531,34.989186,0,0.0674,LL,-0.626
라라196661,127.715312,34.990088,13,0.0416,LL,-0.533
라라196662,127.715315,34.99099,21,0.026,LL,-0.551
라라196663,127.715317,34.991891,10,0.0439,LL,-0.466
라라196691,127.715383,35.01714,0,0.0689,LL,-0.547
라라196692,127.715386,35.018042,12,0.0479,LL,-0.528
라라196694,127.71539,35.019845,0,0.0451,LL,-0.431
라라196695,127.715393,35.020747,19,0.0234,LL,-0.48
라라196696,127.715395,35.021649,8,0.0326,LL,-0.457
라라196697,127.715397,35.02255,12,0.0361,LL,-0.495
라라196717,127.715445,35.040585,0,0.0889,LL,-0.422
라라196725,127.715464,35.047799,0,0.085,LL,-0.644
라라196726,127.715466,35.048701,6,0.0674,LL,-0.714
라라196727,127.715468,35.049602,10,0.0591,LL,-0.714
라라196728,127.715471,35.050504,0,0.0801,LL,-0.671
라라196756,127.715537,35.075752,11,0.0,이웃없음,-0.203
라라196758,127.715542,35.077556,0,0.0599,LL,-0.493
라라196759,127.715544,35.078458,10,0.0503,LL,-0.572
라라197598,127.716259,34.933276,232,4.4114,HH,4.732
라라197599,127.716261,34.934178,234,4.4193,HH,5.94
라라197600,127.716264,34.93508,250,4.3715,HH,5.556
라라197601,127.716266,34.935981,292,5.2965,HH,4.685
라라197613,127.716294,34.946802,0,0.0889,LL,-0.422
라라197615,127.716299,34.948606,18,0.0236,LL,-0.32
라라197622,127.716316,34.954918,0,0.0,이웃없음,-0.298
라라197631,127.716337,34.963034,17,-0.0205,LH,0.215
라라197632,127.716339,34.963935,57,0.201,HH,2.629
라라197633,127.716342,34.964837,207,2.4535,HH,4.891
라라197634,127.716344,34.965739,337,8.7007,HH,9.757
라라197635,127.716346,34.966641,584,16.8246,HH,9.177
라라197643,127.716365,34.973855,12,0.0305,LL,-0.333
라라197645,127.71637,34.975658,0,0.0631,LL,-0.467
라라197647,127.716375,34.977462,0,0.0803,LL,-0.553
라라197659,127.716403,34.988282,0,0.0794,LL,-0.549
라라197663,127.716413,34.991889,0,0.0489,LL,-0.362
라라197689,127.716475,35.015335,0,-0.0026,LH,-0.162
라라197690,127.716477,35.016236,11,0.0342,LL,-0.392
라라197691,127.716479,35.017138,0,0.0498,LL,-0.492
라라197692,127.716482,35.01804,8,0.0458,LL,-0.541
라라197693,127.716484,35.018942,16,0.0319,LL,-0.55
라라197694,127.716487,35.019843,0,0.0513,LL,-0.532
라라197695,127.716489,35.020745,0,0.0673,LL,-0.702
라라197696,127.716491,35.021647,7,0.0575,LL,-0.725
라라197697,127.716494,35.022548,0,0.0719,LL,-0.614
라라197710,127.716525,35.034271,0,0.0,이웃없음,-0.298
라라197724,127.716558,35.046895,0,0.0889,LL,-0.516
라라197725,127.71656,35.047797,0,0.085,LL,-0.644
라라197726,127.716563,35.048699,0,0.079,LL,-0.714
라라197727,127.716565,35.0496,7,0.0643,LL,-0.649
라라197758,127.716639,35.077554,13,0.0425,LL,-0.493
라라197759,127.716641,35.078456,22,0.0279,LL,-0.572
라라197760,127.716644,35.079357,0,0.0614,LL,-0.458
라라198598,127.717354,34.933274,442,4.8587,HH,4.257
라라198599,127.717356,34.934176,325,4.7452,HH,5.571
라라198600,127.717359,34.935078,407,5.5483,HH,5.409
라라198601,127.717361,34.935979,273,3.2111,HH,4.316
라라198614,127.717392,34.947702,0,0.0519,LL,-0.411
라라198615,127.717394,34.948604,25,0.0152,LL,-0.32
라라198616,127.717397,34.949506,21,0.0131,LL,-0.197
라라198626,127.71742,34.958523,0,0.0,이웃없음,-0.298
라라198630,127.71743,34.96213,20,-0.0155,LH,0.201
라라198631,127.717432,34.963032,63,0.0631,HH,0.722
라라198632,127.717435,34.963933,103,0.2672,HH,1.403
라라198633,127.717437,34.964835,110,0.606,HH,2.697
라라198634,127.71744,34.965737,69,0.8407,HH,7.627
라라198635,127.717442,34.966639,816,18.6768,HH,8.408
라라198646,127.717468,34.976558,10,0.0631,LL,-0.553
라라198647,127.717471,34.97746,0,0.076,LL,-0.467
라라198650,127.717478,34.980165,9,0.0,이웃없음,-0.22
라라198659,127.717499,34.98828,0,0.0889,LL,-0.422
라라198684,127.717559,35.010824,0,0.0,이웃없음,-0.298
라라198690,127.717573,35.016234,60,-0.0527,HL,-0.459
라라198692,127.717578,35.018038,0,0.0237,LL,-0.303
라라198693,127.71758,35.01894,40,-0.0063,HL,-0.339
라라198694,127.717583,35.019841,20,0.0168,LL,-0.376
라라198695,127.717585,35.020743,7,0.0527,LL,-0.593
라라198696,127.717587,35.021645,6,0.0674,LL,-0.66
라라198697,127.71759,35.022546,0,0.0777,LL,-0.54
라라198717,127.717638,35.040581,0,0.0734,LL,-0.385
라라198718,127.71764,35.041483,6,0.0734,LL,-0.385
라라198727,127.717662,35.049598,0,0.0798,LL,-0.481
라라198759,127.717738,35.078454,0,0.0663,LL,-0.532
라라199597,127.718446,34.93237,96,0.6096,HH,2.291
라라199598,127.718449,34.933272,84,0.6161,HH,3.117
라라199600,127.718454,34.935076,124,1.3821,HH,4.348
라라199601,127.718456,34.935977,140,1.1393,HH,3.418
라라199602,127.718458,34.936879,76,0.3914,HH,2.375
라라199604,127.718463,34.938683,217,2.1188,HH,2.805
라라199605,127.718466,34.939584,165,2.3433,HH,3.051
라라199629,127.718523,34.961226,25,-0.0049,LH,0.088
라라199630,127.718525,34.962128,62,0.0227,HH,0.321
라라199631,127.718528,34.96303,77,0.0944,HH,0.809
라라199632,127.71853,34.963932,113,0.2703,HH,1.29
라라199633,127.718533,34.964833,50,0.0926,HH,1.89
라라199634,127.718535,34.965735,200,2.8389,HH,5.776
라라199635,127.718537,34.966637,583,8.3267,HH,5.78
라라199644,127.718559,34.974752,6,0.0564,LL,-0.336
라라199652,127.718578,34.981966,0,0.0,이웃없음,-0.298
라라199688,127.718664,35.014429,0,0.0734,LL,-0.385
라라199689,127.718667,35.015331,6,0.0308,LL,-0.311
라라199690,127.718669,35.016232,0,0.0116,LL,-0.207
라라199691,127.718672,35.017134,24,0.0115,LL,-0.296
라라199692,127.718674,35.018036,39,-0.0029,HL,-0.152
라라199693,127.718676,35.018938,50,-0.0135,HL,-0.223
라라199694,127.718679,35.019839,20,0.0084,LL,-0.211
라라199703,127.7187,35.027955,6,0.0528,LL,-0.445
라라199704,127.718703,35.028857,0,0.0599,LL,-0.493
라라199710,127.718717,35.034267,0,0.0605,LL,-0.354
라라199723,127.718748,35.04599,0,0.0828,LL,-0.566
라라199759,127.718835,35.078452,0,0.0464,LL,-0.352
라라200597,127.719541,34.932368,74,0.1625,HH,1.112
라라200598,127.719544,34.93327,69,0.1445,HH,1.112
라라200600,127.719549,34.935074,55,0.1936,HH,2.035
라라200601,127.719551,34.935975,248,1.1671,HH,2.22
라라200602,127.719553,34.936877,71,0.2793,HH,2.305
라라200603,127.719556,34.937779,72,0.3926,HH,3.116
라라200604,127.719558,34.938681,333,2.9039,HH,3.353
라라200626,127.719611,34.958519,0,-0.0614,LH,0.16
라라200627,127.719613,34.959421,60,0.0329,HH,0.395
라라200628,127.719616,34.960323,48,0.0249,HH,0.528
라라200629,127.719618,34.961224,22,-0.0167,LH,0.346
라라200630,127.719621,34.962126,55,0.0111,HH,0.226
라라200631,127.719623,34.963028,57,0.0426,HH,0.65
라라200632,127.719626,34.96393,41,0.0405,HH,1.942
라라200633,127.719628,34.964831,144,0.8697,HH,2.769
라라200634,127.71963,34.965733,136,1.5714,HH,4.748
라라200635,127.719633,34.966635,206,2.155,HH,3.576
라라200636,127.719635,34.967536,0,-0.9272,LH,3.421
라라200643,127.719652,34.973849,8,0.0564,LL,-0.336
라라200681,127.719744,35.008115,0,0.0889,LL,-0.422
라라200682,127.719746,35.009017,0,0.0889,LL,-0.422
라라200692,127.71977,35.018034,0,0.009,LL,-0.183
라라200693,127.719772,35.018936,42,-0.0088,HL,-0.315
라라200694,127.719775,35.019837,22,0.0147,LL,-0.376
라라200695,127.719777,35.020739,6,0.0449,LL,-0.473
라라200696,127.71978,35.021641,12,0.042,LL,-0.362
라라200703,127.719797,35.027953,8,0.0504,LL,-0.445
라라200704,127.719799,35.028855,21,0.0287,LL,-0.493
라라200705,127.719801,35.029756,10,0.0439,LL,-0.362
라라200710,127.719814,35.034265,11,0.0605,LL,-0.354
라라200718,127.719833,35.041479,0,0.0889,LL,-0.422
라라200719,127.719835,35.042381,0,0.0889,LL,-0.422
라라200722,127.719843,35.045086,7,0.0708,LL,-0.481
라라200723,127.719845,35.045988,0,0.0828,LL,-0.566
라라200724,127.719847,35.046889,0,0.0889,LL,-0.516
라라200730,127.719862,35.0523,0,0.0,이웃없음,-0.298
라라200739,127.719884,35.060415,0,0.0,이웃없음,-0.298
라라200757,127.719927,35.076646,0,0.0889,LL,-0.422
라라200759,127.719932,35.07845,33,0.0031,LL,-0.372
라라201597,127.720636,34.932366,72,0.1571,HH,1.122
라라201598,127.720639,34.933268,127,0.2981,HH,1.149
라라201601,127.720646,34.935973,132,0.8505,HH,2.61
라라201602,127.720648,34.936875,156,1.1453,HH,3.262
라라201603,127.720651,34.937777,135,1.2418,HH,3.849
라라201604,127.720653,34.938679,235,2.44,HH,3.296
라라201620,127.720692,34.953107,0,0.0777,LL,-0.54
라라201621,127.720694,34.954008,0,0.0777,LL,-0.54
라라201626,127.720706,34.958517,0,-0.065,LH,0.257
라라201627,127.720709,34.959419,115,0.0708,HH,0.498
라라201628,127.720711,34.960321,96,0.1142,HH,0.751
라라201629,127.720714,34.961222,37,0.0052,HH,0.644
라라201630,127.720716,34.962124,44,0.0188,HH,0.639
라라201631,127.720718,34.963026,10,-0.0672,LH,0.777
라라201632,127.720721,34.963928,77,0.2804,HH,2.021
라라201633,127.720723,34.964829,415,1.6477,HH,2.381
라라201634,127.720726,34.965731,95,0.8616,HH,3.184
라라201647,127.720757,34.977454,8,0.0682,LL,-0.476
라라201651,127.720767,34.981061,7,0.0,이웃없음,-0.238
라라201655,127.720777,34.984668,0,0.0,이웃없음,-0.298
라라201693,127.720869,35.018934,0,0.0559,LL,-0.505
라라201694,127.720871,35.019835,0,0.0461,LL,-0.438
라라201695,127.720873,35.020737,13,0.0393,LL,-0.462
라라201707,127.720903,35.031558,0,0.0889,LL,-0.422
라라201741,127.720985,35.062217,0,0.0889,LL,-0.422
라라201758,127.721026,35.077546,0,0.0482,LL,-0.452
라라201759,127.721029,35.078448,19,0.0226,LL,-0.361
라라202597,127.721731,34.932364,67,0.2361,HH,1.832
라라202598,127.721734,34.933266,116,0.5524,HH,2.192
라라202599,127.721736,34.934168,68,0.327,HH,2.151
라라202601,127.721741,34.935971,95,0.7039,HH,2.282
라라202602,127.721743,34.936873,283,1.7347,HH,2.646
라라202603,127.721746,34.937775,250,2.0482,HH,3.007
라라202620,127.721787,34.953105,13,0.0531,LL,-0.66
라라202621,127.72179,34.954006,0,0.0805,LL,-0.617
라라202627,127.721804,34.959417,64,0.0532,HH,0.57
라라202628,127.721807,34.960319,56,0.0524,HH,0.814
라라202629,127.721809,34.96122,73,0.0906,HH,0.838
라라202630,127.721811,34.962122,103,0.1093,HH,0.691
라라202631,127.721814,34.963024,131,0.1436,HH,0.722
라라202632,127.721816,34.963926,62,0.2035,HH,1.846
라라202644,127.721845,34.974746,0,0.0889,LL,-0.422
라라202647,127.721853,34.977452,0,0.082,LL,-0.562
라라202648,127.721855,34.978353,0,0.0837,LL,-0.636
라라202692,127.721962,35.01803,0,0.0889,LL,-0.422
라라202707,127.721999,35.031556,0,0.0889,LL,-0.422
라라202710,127.722006,35.034261,0,0.0,이웃없음,-0.298
라라202722,127.722035,35.045082,0,0.0,이웃없음,-0.298
라라202742,127.722084,35.063116,0,0.0768,LL,-0.536
라라202743,127.722087,35.064018,0,0.0554,LL,-0.428
라라202758,127.722123,35.077544,17,0.0324,LL,-0.398
라라202759,127.722126,35.078446,10,0.0411,LL,-0.398
라라203597,127.722826,34.932362,125,0.6723,HH,1.681
라라203598,127.722829,34.933264,219,1.0951,HH,2.162
라라203599,127.722831,34.934166,199,0.9985,HH,2.015
라라203603,127.722841,34.937773,0,-0.5975,LH,2.143
라라203618,127.722877,34.951299,0,0.0828,LL,-0.566
라라203619,127.72288,34.952201,7,0.0664,LL,-0.724
라라203620,127.722882,34.953103,0,0.0785,LL,-0.66
라라203627,127.722899,34.959415,10,-0.0324,LH,0.226
라라203628,127.722902,34.960317,75,0.0594,HH,0.569
라라203629,127.722904,34.961218,67,0.0761,HH,0.817
라라203630,127.722907,34.96212,50,0.0372,HH,0.786
라라203631,127.722909,34.963022,35,0.001,HH,0.544
라라203643,127.722939,34.973843,0,0.0889,LL,-0.422
라라203647,127.722948,34.97745,0,0.0889,LL,-0.516
라라203649,127.722953,34.979253,0,0.0889,LL,-0.516
라라203650,127.722956,34.980155,0,0.0889,LL,-0.422
라라203697,127.723071,35.022537,0,0.0785,LL,-0.476
라라203719,127.723125,35.042375,0,0.082,LL,-0.562
라라203720,127.723127,35.043276,0,0.082,LL,-0.562
라라203743,127.723183,35.064016,14,0.0421,LL,-0.558
라라203744,127.723186,35.064918,25,0.0207,LL,-0.603
라라203745,127.723188,35.06582,8,0.0559,LL,-0.539
라라203755,127.723213,35.074837,0,0.0889,LL,-0.516
라라203756,127.723215,35.075739,0,0.0889,LL,-0.516
라라204599,127.723926,34.934164,109,0.6146,HH,2.213
라라204600,127.723929,34.935066,67,0.2002,HH,1.571
라라204601,127.723931,34.935967,37,0.0131,HH,0.711
라라204618,127.723973,34.951297,0,0.0724,LL,-0.618
라라204619,127.723975,34.952199,0,0.0766,LL,-0.786
라라204620,127.723978,34.953101,0,0.0755,LL,-0.688
라라204627,127.723995,34.959413,20,-0.0003,LH,-0.046
라라204628,127.723997,34.960315,46,0.0081,HH,0.249
라라204629,127.724,34.961216,97,0.0723,HH,0.538
라라204630,127.724002,34.962118,27,-0.0045,LH,0.166
라라204631,127.724005,34.96302,0,0.0039,LL,-0.148
라라204635,127.724014,34.966627,0,0.0889,LL,-0.516
라라204638,127.724022,34.969332,0,0.0889,LL,-0.422
라라204639,127.724024,34.970234,0,0.0889,LL,-0.422
라라204641,127.724029,34.972037,0,0.0,이웃없음,-0.298
라라204690,127.72415,35.016222,0,0.0889,LL,-0.422
라라204697,127.724167,35.022535,8,0.0648,LL,-0.609
라라204698,127.724169,35.023436,0,0.0792,LL,-0.609
라라204709,127.724196,35.033355,0,0.0682,LL,-0.373
라라204710,127.724199,35.034257,8,0.0682,LL,-0.373
라라204719,127.724221,35.042373,8,0.0682,LL,-0.636
라라204720,127.724223,35.043274,0,0.0837,LL,-0.636
라라204743,127.72428,35.064014,10,0.0393,LL,-0.385
라라204744,127.724283,35.064916,0,0.0595,LL,-0.529
라라204745,127.724285,35.065818,0,0.0719,LL,-0.614
라라204746,127.724288,35.066719,0,0.0837,LL,-0.636
라라204751,127.7243,35.071228,0,0.0751,LL,-0.527
라라204752,127.724302,35.07213,0,0.0751,LL,-0.527
라라204756,127.724312,35.075737,0,0.0889,LL,-0.516
라라204758,127.724317,35.07754,0,0.0889,LL,-0.422
라라204759,127.72432,35.078442,0,0.0889,LL,-0.422
라라205599,127.725021,34.934162,98,0.339,HH,1.202
라라205600,127.725024,34.935064,142,0.3471,HH,1.084
라라205618,127.725068,34.951295,7,0.0577,LL,-0.593
라라205619,127.72507,34.952197,18,0.0377,LL,-0.706
라라205620,127.725073,34.953099,6,0.062,LL,-0.665
라라205621,127.725075,34.954,0,0.085,LL,-0.644
라라205622,127.725078,34.954902,0,0.0889,LL,-0.422
라라205627,127.72509,34.959411,0,0.0234,LL,-0.282
라라205628,127.725093,34.960313,43,-0.0024,HL,-0.062
라라205629,127.725095,34.961214,39,0.0021,HH,0.154
라라205630,127.725097,34.962116,53,-0.0074,HL,-0.058
라라205631,127.7251,34.963018,0,0.0277,LL,-0.3
라라205634,127.725107,34.965723,0,0.0889,LL,-0.596
라라205635,127.72511,34.966625,0,0.0889,LL,-0.516
라라205666,127.725186,34.994579,0,0.0725,LL,-0.514
라라205667,127.725189,34.99548,0,0.0798,LL,-0.481
라라205688,127.725241,35.014417,0,0.082,LL,-0.562
라라205691,127.725248,35.017122,0,0.0502,LL,-0.466
라라205692,127.725251,35.018024,0,0.0409,LL,-0.402
라라205693,127.725253,35.018926,16,0.0283,LL,-0.346
라라205697,127.725263,35.022532,7,0.0667,LL,-0.609
라라205698,127.725265,35.023434,0,0.0792,LL,-0.609
라라205701,127.725273,35.026139,0,0.064,LL,-0.471
라라205702,127.725275,35.027041,6,0.0572,LL,-0.575
라라205703,127.725278,35.027943,0,0.0511,LL,-0.406
라라205719,127.725317,35.042371,0,0.0837,LL,-0.636
라라205746,127.725384,35.066717,0,0.0889,LL,-0.596
라라205747,127.725387,35.067619,0,0.0715,LL,-0.562
라라205748,127.725389,35.068521,27,0.0174,LL,-0.436
라라205749,127.725392,35.069422,10,0.0411,LL,-0.398
라라205751,127.725397,35.071226,8,0.0591,LL,-0.621
라라205752,127.725399,35.072128,8,0.0613,LL,-0.582
라라206597,127.726111,34.932356,0,0.0,이웃없음,-0.298
라라206617,127.726161,34.950391,0,0.0708,LL,-0.379
라라206619,127.726166,34.952195,14,0.0409,LL,-0.493
라라206620,127.726168,34.953097,0,0.0644,LL,-0.52
라라206627,127.726185,34.959409,0,-0.3773,LH,2.132
라라206628,127.726188,34.96031,18,-0.1402,LH,2.385
라라206629,127.72619,34.961212,26,-0.0729,LH,2.625
라라206630,127.726193,34.962114,15,-0.0667,LH,0.835
라라206633,127.7262,34.964819,0,0.0889,LL,-0.516
라라206664,127.726277,34.992773,11,0.0377,LL,-0.423
라라206665,127.72628,34.993675,12,0.0459,LL,-0.561
라라206666,127.726282,34.994577,7,0.0647,LL,-0.593
라라206671,127.726295,34.999085,0,0.0,이웃없음,-0.298
라라206673,127.7263,35.000889,0,0.0425,LL,-0.363
라라206674,127.726302,35.001791,17,0.033,LL,-0.458
라라206675,127.726304,35.002692,0,0.0528,LL,-0.45
라라206676,127.726307,35.003594,0,0.0695,LL,-0.551
라라206677,127.726309,35.004496,0,0.0612,LL,-0.501
라라206679,127.726314,35.006299,8,0.0445,LL,-0.357
라라206683,127.726324,35.009906,10,0.0521,LL,-0.407
라라206684,127.726327,35.010808,0,0.0614,LL,-0.458
라라206685,127.726329,35.01171,10,0.0466,LL,-0.377
라라206687,127.726334,35.013513,0,0.0773,LL,-0.597
라라206688,127.726337,35.014415,0,0.0847,LL,-0.702
라라206689,127.726339,35.015317,8,0.054,LL,-0.575
라라206690,127.726342,35.016218,10,0.0387,LL,-0.495
라라206691,127.726344,35.01712,35,-0.0008,HL,-0.48
라라206692,127.726347,35.018022,30,0.0082,LL,-0.575
라라206693,127.726349,35.018924,12,0.0401,LL,-0.501
라라206698,127.726362,35.023432,0,0.0708,LL,-0.559
라라206701,127.726369,35.026137,0,0.0637,LL,-0.516
라라206702,127.726372,35.027039,23,0.0252,LL,-0.613
라라206703,127.726374,35.027941,15,0.036,LL,-0.458
라라206706,127.726382,35.030646,8,0.0564,LL,-0.417
라라206711,127.726394,35.035155,0,0.0,이웃없음,-0.298
라라206718,127.726411,35.041467,0,0.0889,LL,-0.596
라라206719,127.726414,35.042369,0,0.0889,LL,-0.596
라라206748,127.726486,35.068519,0,0.0571,LL,-0.436
라라206750,127.726491,35.070322,9,0.0504,LL,-0.454
라라206751,127.726493,35.071224,6,0.0557,LL,-0.462
라라206757,127.726508,35.076634,0,0.0,이웃없음,-0.298
라라207602,127.727219,34.936863,65,0.1674,HH,0.636
라라207605,127.727226,34.939568,10,-0.208,LH,1.664
라라207606,127.727228,34.94047,134,0.7035,HH,2.023
라라207607,127.727231,34.941372,138,0.6742,HH,1.749
라라207615,127.727251,34.948586,163,0.0,이웃없음,1.11
라라207622,127.727268,34.954898,0,0.0889,LL,-0.516
라라207628,127.727283,34.960308,663,6.6632,HH,4.839
라라207629,127.727286,34.96121,267,2.8403,HH,4.444
라라207630,127.727288,34.962112,97,0.2442,HH,1.231
라라207633,127.727296,34.964817,0,0.0889,LL,-0.422
라라207662,127.727368,34.990968,0,0.0451,LL,-0.347
라라207663,127.72737,34.991869,22,0.0226,LL,-0.423
라라207664,127.727373,34.992771,18,0.0286,LL,-0.423
라라207665,127.727375,34.993673,0,0.0579,LL,-0.481
라라207673,127.727395,35.000887,18,0.0314,LL,-0.458
라라207674,127.727398,35.001788,19,0.0318,LL,-0.54
라라207676,127.727403,35.003592,20,0.0346,LL,-0.551
라라207677,127.727405,35.004494,10,0.051,LL,-0.579
라라207678,127.727408,35.005395,13,0.0461,LL,-0.582
라라207679,127.72741,35.006297,11,0.0482,LL,-0.458
라라207683,127.72742,35.009904,12,0.0523,LL,-0.501
라라207686,127.727428,35.012609,18,0.0384,LL,-0.475
라라207687,127.72743,35.013511,0,0.0734,LL,-0.519
라라207689,127.727435,35.015315,0,0.0662,LL,-0.575
라라207690,127.727438,35.016216,26,0.0151,LL,-0.495
라라207691,127.72744,35.017118,11,0.0289,LL,-0.4
라라207692,127.727443,35.01802,7,0.0347,LL,-0.395
라라207693,127.727445,35.018921,0,0.0468,LL,-0.385
라라207697,127.727455,35.022528,21,0.0348,LL,-0.506
라라207698,127.727458,35.02343,0,0.0708,LL,-0.506
라라207702,127.727468,35.027037,10,0.0399,LL,-0.389
라라207706,127.727478,35.030644,12,0.0512,LL,-0.417
라라207707,127.72748,35.031546,0,0.0631,LL,-0.417
라라207713,127.727495,35.036956,0,0.0,이웃없음,-0.298
라라207719,127.72751,35.042367,0,0.0777,LL,-0.54
라라208601,127.728311,34.935959,108,0.3284,HH,1.093
라라208604,127.728319,34.938665,103,0.5997,HH,2.078
라라208605,127.728321,34.939566,199,1.2484,HH,2.678
라라208606,127.728324,34.940468,157,0.8414,HH,2.475
라라208607,127.728326,34.94137,142,0.6715,HH,1.992
라라208608,127.728329,34.942272,54,0.1221,HH,1.171
라라208621,127.728361,34.953994,0,0.0889,LL,-0.516
라라208623,127.728366,34.955798,0,0.0889,LL,-0.516
라라208628,127.728379,34.960306,553,7.3745,HH,5.192
라라208629,127.728381,34.961208,195,2.3222,HH,4.638
라라208630,127.728384,34.96211,18,-0.0952,LH,1.306
라라208631,127.728386,34.963012,0,-0.0592,LH,0.057
라라208662,127.728464,34.990966,12,0.0449,LL,-0.501
라라208670,127.728484,34.998179,0,0.0,이웃없음,-0.298
라라208673,127.728491,35.000885,0,0.0412,LL,-0.332
라라208678,127.728504,35.005393,0,0.0597,LL,-0.449
라라208683,127.728516,35.009902,0,0.0579,LL,-0.348
라라208690,127.728534,35.016214,0,0.0571,LL,-0.436
라라208697,127.728551,35.022526,0,0.0618,LL,-0.412
라라208717,127.728602,35.040561,7,0.0641,LL,-0.59
라라208718,127.728604,35.041463,13,0.0531,LL,-0.66
라라208751,127.728687,35.07122,0,0.0,이웃없음,-0.298
라라209600,127.729404,34.935055,138,0.3454,HH,1.154
라라209601,127.729406,34.935957,80,0.1865,HH,1.13
라라209604,127.729414,34.938662,235,1.6242,HH,2.623
라라209605,127.729416,34.939564,163,1.1593,HH,2.789
라라209606,127.729419,34.940466,151,0.9803,HH,2.4
라라209607,127.729421,34.941368,75,0.2767,HH,1.572
라라209622,127.729459,34.954894,0,0.0889,LL,-0.596
라라209628,127.729474,34.960304,0,-0.5533,LH,2.636
라라209629,127.729476,34.961206,0,-0.4044,LH,2.295
라라209661,127.729557,34.990062,0,0.0708,LL,-0.506
라라209662,127.729559,34.990964,9,0.0581,LL,-0.506
라라209713,127.729688,35.036952,0,0.0889,LL,-0.516
라라209716,127.729696,35.039657,0,0.0798,LL,-0.481
라라209717,127.729698,35.040559,0,0.076,LL,-0.59
라라209718,127.729701,35.041461,0,0.076,LL,-0.59
라라209719,127.729703,35.042362,0,0.0721,LL,-0.452
라라210599,127.730496,34.934152,84,0.2883,HH,1.025
라라210600,127.730499,34.935053,87,0.147,HH,0.847
라라210601,127.730501,34.935955,37,0.0118,HH,1.247
라라210602,127.730504,34.936857,77,0.1999,HH,1.374
라라210603,127.730506,34.937759,163,0.8411,HH,2.139
라라210604,127.730509,34.93866,87,0.423,HH,2.09
라라210623,127.730557,34.955794,0,0.0889,LL,-0.422
라라210661,127.730653,34.99006,0,0.0773,LL,-0.471
라라210703,127.730759,35.027933,0,0.0811,LL,-0.486
라라210713,127.730784,35.03695,0,0.0889,LL,-0.596
라라210714,127.730787,35.037852,0,0.0843,LL,-0.64
라라210746,127.730868,35.066707,8,0.0682,LL,-0.373
라라210754,127.730888,35.073921,0,0.0,이웃없음,-0.298
라라210756,127.730893,35.075724,0,0.0,이웃없음,-0.298
라라211601,127.731596,34.935953,21,-0.0511,LH,0.949
라라211602,127.731599,34.936855,183,0.5669,HH,1.607
라라211603,127.731601,34.937757,101,0.3997,HH,2.048
라라211604,127.731604,34.938658,50,0.086,HH,1.508
라라211606,127.731609,34.940462,0,-0.0983,LH,0.346
라라211607,127.731611,34.941364,41,0.0381,HH,1.239
라라211608,127.731614,34.942265,109,0.4077,HH,1.557
라라211609,127.731616,34.943167,155,0.5923,HH,1.374
라라211644,127.731705,34.974728,0,0.076,LL,-0.467
라라211669,127.731769,34.997272,0,0.0889,LL,-0.422
라라211702,127.731853,35.027029,0,0.0811,LL,-0.486
라라211703,127.731855,35.02793,6,0.0734,LL,-0.486
라라211714,127.731883,35.03785,0,0.0828,LL,-0.566
라라211715,127.731886,35.038751,7,0.0708,LL,-0.481
라라211744,127.73196,35.064901,0,0.0489,LL,-0.362
라라211746,127.731965,35.066705,0,0.0614,LL,-0.458
라라212601,127.732691,34.935951,43,0.0317,HH,0.911
라라212602,127.732694,34.936853,84,0.2407,HH,1.645
라라212603,127.732696,34.937754,159,0.7007,HH,2.097
라라212604,127.732699,34.938656,117,0.4307,HH,1.749
라라212605,127.732701,34.939558,26,-0.039,LH,1.178
라라212607,127.732706,34.941361,151,0.8096,HH,2.348
라라212608,127.732709,34.942263,192,1.1215,HH,2.654
라라212609,127.732711,34.943165,0,-0.3356,LH,2.178
라라212640,127.732791,34.971119,0,0.0648,LL,-0.475
라라212641,127.732793,34.972021,10,0.0539,LL,-0.607
라라212642,127.732796,34.972922,7,0.0606,LL,-0.562
라라212643,127.732798,34.973824,0,0.0828,LL,-0.566
라라212645,127.732803,34.975628,10,0.0631,LL,-0.467
라라212646,127.732806,34.976529,0,0.076,LL,-0.467
라라212647,127.732808,34.977431,0,0.0889,LL,-0.422
라라212658,127.732836,34.98735,9,0.053,LL,-0.471
라라212659,127.732839,34.988252,20,0.0327,LL,-0.524
라라212660,127.732842,34.989154,8,0.0584,LL,-0.559
라라212665,127.732854,34.993662,0,0.0,이웃없음,-0.298
라라212670,127.732867,34.998171,0,0.0805,LL,-0.617
라라212678,127.732888,35.005385,0,0.0,이웃없음,-0.298
라라212739,127.733044,35.060391,0,0.0889,LL,-0.516
라라212744,127.733056,35.064899,7,0.0482,LL,-0.47
라라212745,127.733059,35.065801,24,0.0235,LL,-0.623
라라212747,127.733064,35.067604,0,0.0852,LL,-0.706
라라212748,127.733067,35.068506,7,0.0708,LL,-0.566
라라213601,127.733786,34.935949,101,0.0935,HH,0.532
라라213602,127.733789,34.936851,33,-0.0066,LH,1.152
라라213603,127.733791,34.937752,156,0.5164,HH,1.59
라라213604,127.733794,34.938654,155,0.4375,HH,1.469
라라213605,127.733796,34.939556,84,0.2255,HH,1.358
라라213606,127.733799,34.940458,170,0.6768,HH,1.659
라라213607,127.733801,34.941359,215,1.8227,HH,2.789
라라213608,127.733804,34.942261,166,1.1536,HH,2.538
라라213609,127.733807,34.943163,202,1.0609,HH,1.824
라라213635,127.733873,34.966608,0,0.0,이웃없음,-0.298
라라213640,127.733886,34.971117,8,0.0551,LL,-0.475
라라213641,127.733889,34.972019,10,0.0539,LL,-0.607
라라213642,127.733891,34.97292,0,0.0715,LL,-0.562
라라213657,127.73393,34.986446,0,0.0605,LL,-0.407
라라213659,127.733935,34.98825,0,0.0698,LL,-0.6
라라213660,127.733937,34.989152,0,0.0734,LL,-0.672
라라213661,127.73394,34.990053,0,0.0806,LL,-0.674
라라213662,127.733942,34.990955,0,0.082,LL,-0.562
라라213663,127.733945,34.991857,0,0.0889,LL,-0.422
라라213669,127.73396,34.997267,0,0.0682,LL,-0.493
라라213670,127.733963,34.998169,13,0.0518,LL,-0.646
라라213671,127.733965,34.999071,0,0.0734,LL,-0.574
라라213705,127.734053,35.02973,0,0.0,이웃없음,-0.298
라라213734,127.734127,35.05588,0,0.0889,LL,-0.422
라라213739,127.73414,35.060389,0,0.0843,LL,-0.64
라라213740,127.734143,35.06129,0,0.0843,LL,-0.64
라라213744,127.734153,35.064897,20,0.0262,LL,-0.376
라라213745,127.734156,35.065799,0,0.056,LL,-0.47
라라213746,127.734158,35.066701,0,0.0734,LL,-0.574
라라213747,127.734161,35.067602,0,0.0843,LL,-0.64
라라213748,127.734163,35.068504,0,0.0828,LL,-0.566
라라214603,127.734886,34.93775,18,-0.0862,LH,1.019
라라214604,127.734889,34.938652,74,0.1601,HH,1.098
라라214605,127.734891,34.939554,31,-0.0225,LH,1.32
라라214649,127.735005,34.97923,0,0.0889,LL,-0.516
라라214657,127.735025,34.986444,13,0.0473,LL,-0.402
라라214660,127.735033,34.98915,0,0.0837,LL,-0.636
라라214661,127.735036,34.990051,8,0.0682,LL,-0.636
라라214670,127.735059,34.998167,11,0.0548,LL,-0.574
라라214671,127.735061,34.999069,0,0.0682,LL,-0.493
라라214721,127.73519,35.044155,0,0.0,이웃없음,-0.298
라라214735,127.735227,35.05678,0,0.0889,LL,-0.667
라라214736,127.735229,35.057681,0,0.078,LL,-0.656
라라214737,127.735232,35.058583,0,0.0753,LL,-0.586
라라214739,127.735237,35.060386,0,0.0811,LL,-0.678
라라214740,127.73524,35.061288,7,0.0622,LL,-0.632
라라215649,127.7361,34.979228,0,0.0811,LL,-0.557
라라215650,127.736103,34.98013,0,0.0792,LL,-0.609
라라215657,127.736121,34.986442,10,0.0512,LL,-0.402
라라215735,127.736323,35.056777,0,0.0811,LL,-0.62
라라215736,127.736326,35.057679,0,0.0642,LL,-0.639
라라215737,127.736328,35.058581,21,0.0281,LL,-0.639
라라215738,127.736331,35.059483,0,0.0597,LL,-0.567
라라215740,127.736336,35.061286,8,0.0574,LL,-0.655
라라215741,127.736339,35.062188,13,0.0493,LL,-0.559
라라216650,127.737198,34.980128,9,0.0628,LL,-0.609
라라216651,127.737201,34.98103,6,0.0633,LL,-0.57
라라216658,127.737219,34.987342,0,0.0631,LL,-0.36
라라216666,127.73724,34.994556,0,0.0785,LL,-0.476
라라216667,127.737243,34.995457,0,0.0785,LL,-0.476
라라216674,127.737261,35.00177,0,0.0785,LL,-0.545
라라216675,127.737263,35.002671,0,0.0791,LL,-0.664
라라216676,127.737266,35.003573,0,0.0766,LL,-0.593
라라216736,127.737422,35.057677,12,0.0348,LL,-0.408
라라216737,127.737425,35.058579,34,0.001,LL,-0.544
라라216738,127.737428,35.05948,0,0.0497,LL,-0.462
라라216739,127.73743,35.060382,13,0.0511,LL,-0.694
라라216740,127.737433,35.061284,0,0.0713,LL,-0.611
라라216741,127.737436,35.062186,0,0.0753,LL,-0.586
라라217651,127.738297,34.981027,0,0.0657,LL,-0.528
라라217652,127.738299,34.981929,10,0.0553,LL,-0.562
라라217667,127.738338,34.995455,8,0.0643,LL,-0.536
라라217674,127.738357,35.001767,0,0.0811,LL,-0.62
라라217675,127.738359,35.002669,12,0.056,LL,-0.727
라라217676,127.738362,35.003571,7,0.0647,LL,-0.593
라라217677,127.738365,35.004473,0,0.0798,LL,-0.481
라라217738,127.738524,35.059478,8,0.0373,LL,-0.359
라라217740,127.73853,35.061282,0,0.0777,LL,-0.54
라라218649,127.739387,34.979222,0,0.0889,LL,-0.422
라라218652,127.739395,34.981927,11,0.0547,LL,-0.506
라라218653,127.739397,34.982829,0,0.0618,LL,-0.412
라라218662,127.739421,34.990944,0,0.0674,LL,-0.488
라라218663,127.739424,34.991846,0,0.0682,LL,-0.437
라라218667,127.739434,34.995453,6,0.0649,LL,-0.447
라라218674,127.739453,35.001765,0,0.0785,LL,-0.545
라라218725,127.739587,35.047754,0,0.0,이웃없음,-0.298
라라219610,127.74038,34.944052,0,-0.1867,LH,0.791
라라219612,127.740385,34.945855,0,0.0425,LL,-0.363
라라219614,127.74039,34.947659,0,0.0811,LL,-0.486
라라219648,127.74048,34.978318,0,0.0747,LL,-0.582
라라219661,127.740514,34.990041,9,0.0581,LL,-0.57
라라219662,127.740517,34.990942,16,0.0456,LL,-0.707
라라219667,127.74053,34.995451,0,0.0554,LL,-0.428
라라219674,127.740549,35.001763,0,0.0889,LL,-0.422
라라220607,127.741467,34.941344,0,0.0631,LL,-0.36
라라220608,127.74147,34.942246,10,-0.0777,LH,0.445
라라220609,127.741472,34.943148,218,-0.0726,HL,0.554
라라220610,127.741475,34.94405,86,0.0782,HH,0.567
라라220611,127.741478,34.944951,17,0.0064,LL,-0.159
라라220612,127.74148,34.945853,31,0.0052,LL,-0.404
라라220613,127.741483,34.946755,6,0.0553,LL,-0.603
라라220614,127.741486,34.947657,0,0.0743,LL,-0.523
라라220647,127.741573,34.977414,11,0.0474,LL,-0.508
라라220648,127.741575,34.978316,11,0.0517,LL,-0.655
라라220649,127.741578,34.979218,0,0.0695,LL,-0.551
라라220661,127.74161,34.990038,0,0.0676,LL,-0.539
라라220662,127.741613,34.99094,0,0.0719,LL,-0.614
라라220663,127.741615,34.991842,0,0.0682,LL,-0.493
라라220666,127.741623,34.994547,12,0.0445,LL,-0.547
라라220667,127.741626,34.995449,21,0.0285,LL,-0.547
라라220670,127.741634,34.998154,0,0.0,이웃없음,-0.298
라라220724,127.741777,35.046848,0,0.0,이웃없음,-0.298
라라221609,127.742567,34.943146,13,-0.0573,LH,0.554
라라221610,127.74257,34.944047,37,0.0047,HH,0.544
라라221611,127.742573,34.944949,44,-0.0036,HL,-0.091
라라221612,127.742575,34.945851,9,0.0211,LL,-0.315
라라221613,127.742578,34.946753,11,0.0388,LL,-0.473
라라221641,127.742652,34.972001,16,0.0335,LL,-0.446
라라221642,127.742655,34.972903,0,0.0521,LL,-0.446
라라221645,127.742663,34.975608,6,0.0734,LL,-0.486
라라221647,127.742668,34.977412,0,0.0713,LL,-0.655
라라221648,127.742671,34.978314,19,0.0363,LL,-0.718
라라221649,127.742674,34.979215,0,0.0695,LL,-0.551
라라221662,127.742708,34.990938,8,0.0584,LL,-0.559
라라221665,127.742716,34.993643,0,0.0489,LL,-0.362
라라221666,127.742719,34.994545,19,0.0304,LL,-0.466
라라221667,127.742722,34.995447,0,0.0554,LL,-0.466
라라221668,127.742724,34.996348,0,0.0618,LL,-0.412
라라221729,127.742887,35.051354,0,0.0,이웃없음,-0.298
라라221734,127.7429,35.055863,0,0.0889,LL,-0.422
라라221736,127.742906,35.057666,0,0.0889,LL,-0.422
라라222610,127.743665,34.944045,0,0.0203,LL,-0.261
라라222611,127.743668,34.944947,39,-0.0065,HL,-0.4
라라222612,127.743671,34.945849,16,0.0239,LL,-0.4
라라222639,127.743743,34.970196,0,0.0828,LL,-0.566
라라222640,127.743745,34.971097,0,0.073,LL,-0.668
라라222641,127.743748,34.971999,14,0.0395,LL,-0.614
라라222642,127.743751,34.972901,27,0.0152,LL,-0.602
라라222643,127.743753,34.973803,0,0.0636,LL,-0.558
라라222645,127.743759,34.975606,0,0.0837,LL,-0.57
라라222646,127.743761,34.976508,0,0.085,LL,-0.644
라라222647,127.743764,34.97741,0,0.0766,LL,-0.593
라라222648,127.743767,34.978311,0,0.0766,LL,-0.593
라라222662,127.743804,34.990936,20,0.0287,LL,-0.251
라라222708,127.743927,35.032416,0,0.0,이웃없음,-0.298
라라222716,127.743949,35.039629,0,0.0,이웃없음,-0.298
라라222734,127.743997,35.05586,0,0.0889,LL,-0.422
라라222737,127.744005,35.058566,0,0.0889,LL,-0.422
라라223611,127.744763,34.944945,0,0.0534,LL,-0.454
라라223612,127.744766,34.945847,0,0.0416,LL,-0.359
라라223629,127.744811,34.961176,0,0.0,이웃없음,-0.298
라라223639,127.744838,34.970194,0,0.0843,LL,-0.64
라라223640,127.744841,34.971095,7,0.0651,LL,-0.656
라라223641,127.744843,34.971997,0,0.0585,LL,-0.522
라라223642,127.744846,34.972899,11,0.0423,LL,-0.508
라라223643,127.744849,34.973801,11,0.0439,LL,-0.477
라라223644,127.744851,34.974702,0,0.0794,LL,-0.549
라라223658,127.744889,34.987327,9,0.0571,LL,-0.427
라라223659,127.744892,34.988228,0,0.0657,LL,-0.427
라라223667,127.744913,34.995442,0,0.0,이웃없음,-0.298
라라224599,127.745826,34.934122,6,0.062,LL,-0.501
라라224600,127.745829,34.935023,0,0.0689,LL,-0.547
라라224601,127.745831,34.935925,9,0.059,LL,-0.437
라라224638,127.745931,34.96929,0,0.0889,LL,-0.422
라라224658,127.745985,34.987324,9,0.0546,LL,-0.596
라라224663,127.745998,34.991833,0,0.0,이웃없음,-0.298
라라225599,127.746921,34.934119,9,0.0607,LL,-0.653
라라225600,127.746924,34.935021,7,0.0626,LL,-0.688
라라225610,127.746951,34.944039,19,-0.0029,LH,-0.021
라라225611,127.746953,34.94494,28,0.0028,LL,-0.114
라라225612,127.746956,34.945842,0,-0.0193,LH,-0.097
라라225631,127.747007,34.962975,0,0.0631,LL,-0.417
라라225640,127.747032,34.971091,0,0.0682,LL,-0.373
라라225641,127.747034,34.971993,8,0.0682,LL,-0.373
라라225643,127.74704,34.973796,0,0.0618,LL,-0.412
라라225647,127.747051,34.977403,0,0.0682,LL,-0.437
라라225657,127.747078,34.98642,9,0.0533,LL,-0.532
라라225658,127.74708,34.987322,11,0.0517,LL,-0.655
라라225659,127.747083,34.988224,0,0.067,LL,-0.623
라라225660,127.747086,34.989126,10,0.0525,LL,-0.593
라라225661,127.747089,34.990027,0,0.0605,LL,-0.454
라라225723,127.747257,35.045935,6,0.0507,LL,-0.432
라라225724,127.74726,35.046837,0,0.0569,LL,-0.512
라라225725,127.747262,35.047738,9,0.0435,LL,-0.406
라라225734,127.747287,35.055854,0,0.0889,LL,-0.422
라라226599,127.748016,34.934117,0,0.0751,LL,-0.527
라라226600,127.748018,34.935019,0,0.0751,LL,-0.527
라라226602,127.748024,34.936822,0,0.0889,LL,-0.422
라라226608,127.74804,34.942233,16,-0.1188,LH,1.258
라라226609,127.748043,34.943135,24,-0.0452,LH,1.097
라라226610,127.748046,34.944036,40,0.0092,HH,0.495
라라226611,127.748048,34.944938,56,-0.0193,HL,-0.165
라라226630,127.7481,34.962071,8,0.0682,LL,-0.373
라라226632,127.748105,34.963875,12,0.0579,LL,-0.348
라라226638,127.748122,34.969285,0,0.0,이웃없음,-0.298
라라226643,127.748135,34.973794,6,0.0628,LL,-0.506
라라226644,127.748138,34.974696,15,0.0438,LL,-0.6
라라226645,127.748141,34.975597,16,0.036,LL,-0.526
라라226646,127.748143,34.976499,16,0.0414,LL,-0.649
라라226647,127.748146,34.977401,0,0.0715,LL,-0.562
라라226657,127.748173,34.986418,6,0.0592,LL,-0.484
라라226658,127.748176,34.98732,0,0.0724,LL,-0.618
라라226659,127.748179,34.988222,6,0.0574,LL,-0.623
라라226660,127.748182,34.989123,15,0.0422,LL,-0.632
라라226661,127.748184,34.990025,8,0.0514,LL,-0.504
라라226723,127.748353,35.045933,12,0.047,LL,-0.52
라라226724,127.748356,35.046834,20,0.0298,LL,-0.587
라라226725,127.748359,35.047736,15,0.0397,LL,-0.497
라라226732,127.748378,35.054048,0,0.0889,LL,-0.516
라라226734,127.748383,35.055852,0,0.0889,LL,-0.516
라라227603,127.749122,34.937722,0,0.0889,LL,-0.516
라라227607,127.749133,34.941329,0,-0.0792,LH,0.342
라라227608,127.749135,34.942231,235,0.1038,HH,0.761
라라227609,127.749138,34.943132,223,0.1513,HH,0.791
라라227610,127.749141,34.944034,20,-0.0227,LH,0.404
라라227611,127.749143,34.944936,28,0.0027,LL,-0.11
라라227644,127.749234,34.974693,0,0.065,LL,-0.524
라라227645,127.749236,34.975595,0,0.064,LL,-0.6
라라227646,127.749239,34.976497,11,0.0512,LL,-0.649
라라227647,127.749242,34.977399,0,0.0715,LL,-0.562
라라227654,127.749261,34.983711,0,0.0798,LL,-0.481
라라227660,127.749277,34.989121,9,0.0473,LL,-0.432
라라227704,127.749398,35.028797,0,0.0,이웃없음,-0.298
라라227713,127.749422,35.036913,0,0.0,이웃없음,-0.298
라라227724,127.749452,35.046832,0,0.0586,LL,-0.485
라라227727,127.749461,35.049537,0,0.0,이웃없음,-0.298
라라227732,127.749474,35.054046,0,0.0889,LL,-0.731
라라227733,127.749477,35.054948,0,0.0889,LL,-0.731
라라228604,127.750219,34.938621,0,0.0889,LL,-0.422
라라228607,127.750228,34.941327,0,-0.0374,LH,0.134
라라228608,127.75023,34.942228,10,-0.0487,LH,0.543
라라228609,127.750233,34.94313,17,-0.0486,LH,0.743
라라228610,127.750236,34.944032,0,-0.0667,LH,0.335
라라228646,127.750335,34.976495,0,0.0794,LL,-0.549
라라228654,127.750357,34.983708,0,0.0798,LL,-0.481
라라228655,127.750359,34.98461,7,0.0708,LL,-0.566
라라228656,127.750362,34.985512,0,0.0708,LL,-0.379
라라228724,127.750549,35.04683,0,0.0889,LL,-0.422
라라228731,127.750568,35.053142,0,0.0889,LL,-0.516
라라228732,127.750571,35.054044,0,0.0889,LL,-0.667
라라228733,127.750574,35.054945,0,0.0889,LL,-0.596
라라229607,127.751323,34.941324,0,0.0824,LL,-0.628
라라229608,127.751325,34.942226,0,0.0713,LL,-0.655
라라229609,127.751328,34.943128,14,0.0425,LL,-0.508
라라229613,127.751339,34.946735,0,0.0708,LL,-0.447
라라229614,127.751342,34.947637,0,0.0682,LL,-0.543
라라229615,127.751345,34.948538,0,0.0614,LL,-0.458
라라229630,127.751386,34.962064,0,0.0,이웃없음,-0.298
라라229632,127.751392,34.963868,0,0.0,이웃없음,-0.298
라라229651,127.751444,34.981001,0,0.0743,LL,-0.523
라라229652,127.751447,34.981903,0,0.0702,LL,-0.555
라라229713,127.751615,35.036908,0,0.0,이웃없음,-0.298
라라230607,127.752418,34.941322,0,0.0889,LL,-0.516
라라230614,127.752437,34.947634,14,0.0421,LL,-0.558
라라230615,127.75244,34.948536,18,0.0349,LL,-0.558
라라230646,127.752526,34.97649,7,0.0544,LL,-0.33
라라230651,127.75254,34.980999,0,0.0779,LL,-0.601
라라230652,127.752542,34.9819,17,0.0366,LL,-0.606
라라230653,127.752545,34.982802,12,0.0431,LL,-0.577
라라230654,127.752548,34.983704,9,0.036,LL,-0.423
라라230655,127.752551,34.984606,8,0.042,LL,-0.431
라라230682,127.752625,35.008953,0,0.0,이웃없음,-0.298
라라231609,127.753518,34.943123,26,0.0073,LL,-0.211
라라231610,127.753521,34.944025,27,0.004,LL,-0.125
라라231614,127.753532,34.947632,17,0.0311,LL,-0.385
라라231616,127.753538,34.949436,0,0.0425,LL,-0.312
라라231624,127.75356,34.956649,0,0.0,이웃없음,-0.298
라라231631,127.75358,34.962962,0,0.0889,LL,-0.422
라라231646,127.753621,34.976488,8,0.0613,LL,-0.442
라라231652,127.753638,34.981898,0,0.0568,LL,-0.578
라라231653,127.753641,34.9828,27,0.0145,LL,-0.618
라라231654,127.753643,34.983702,0,0.0531,LL,-0.575
라라231655,127.753646,34.984603,31,0.0072,LL,-0.551
라라231656,127.753649,34.985505,13,0.0345,LL,-0.372
라라231727,127.753847,35.049528,13,0.0554,LL,-0.342
라라232606,127.754605,34.940416,0,0.0,이웃없음,-0.298
라라232608,127.754611,34.942219,9,0.0052,LL,-0.141
라라232609,127.754614,34.943121,40,-0.0051,HL,-0.248
라라232610,127.754616,34.944023,16,0.0037,LL,-0.113
라라232614,127.754627,34.94763,0,0.0743,LL,-0.523
라라232619,127.754641,34.952138,0,0.0889,LL,-0.422
라라232632,127.754678,34.963861,0,0.0889,LL,-0.516
라라232646,127.754717,34.976485,0,0.0785,LL,-0.476
라라232651,127.754731,34.980994,12,0.054,LL,-0.514
라라232652,127.754734,34.981896,7,0.0499,LL,-0.526
라라232653,127.754736,34.982798,12,0.0425,LL,-0.526
라라232654,127.754739,34.983699,12,0.0344,LL,-0.441
라라232655,127.754742,34.984601,0,0.0528,LL,-0.45
라라232667,127.754775,34.995422,0,0.0889,LL,-0.422
라라232710,127.754896,35.034196,8,0.0531,LL,-0.462
라라232711,127.754899,35.035098,9,0.0424,LL,-0.483
라라232712,127.754901,35.036,6,0.0402,LL,-0.434
라라232713,127.754904,35.036902,0,0.0496,LL,-0.431
라라232714,127.754907,35.037803,0,0.07,LL,-0.501
라라232715,127.75491,35.038705,0,0.0803,LL,-0.553
라라232716,127.754913,35.039607,0,0.0743,LL,-0.523
라라232727,127.754943,35.049526,0,0.0554,LL,-0.342
라라233608,127.755706,34.942217,11,-0.004,LH,-0.042
라라233609,127.755709,34.943119,50,-0.0119,HL,-0.192
라라233610,127.755711,34.94402,16,0.0048,LL,-0.129
라라233613,127.75572,34.946726,0,0.0889,LL,-0.596
라라233614,127.755723,34.947627,0,0.0811,LL,-0.62
라라233617,127.755731,34.950333,0,0.0889,LL,-0.516
라라233618,127.755734,34.951234,0,0.0889,LL,-0.596
라라233624,127.755751,34.956645,0,0.0,이웃없음,-0.298
라라233633,127.755776,34.964761,0,0.0889,LL,-0.596
라라233634,127.755779,34.965662,0,0.0682,LL,-0.493
라라233644,127.755807,34.97468,12,0.0484,LL,-0.471
라라233647,127.755815,34.977385,0,0.0889,LL,-0.667
라라233648,127.755818,34.978287,0,0.0889,LL,-0.596
라라233651,127.755826,34.980992,0,0.0644,LL,-0.422
라라233667,127.755871,34.99542,0,0.0889,LL,-0.516
라라233674,127.755891,35.001732,6,0.0,이웃없음,-0.246
라라233710,127.755992,35.034194,0,0.0662,LL,-0.575
라라233711,127.755995,35.035096,14,0.0388,LL,-0.605
라라233712,127.755998,35.035998,33,0.0029,LL,-0.563
라라233713,127.756,35.036899,22,0.0234,LL,-0.487
라라233716,127.756009,35.039605,10,0.0599,LL,-0.601
라라233717,127.756012,35.040506,7,0.064,LL,-0.523
라라234608,127.756801,34.942215,22,-0.0065,LH,0.06
라라234609,127.756804,34.943116,63,-0.0254,HL,-0.168
라라234610,127.756807,34.944018,17,0.0132,LL,-0.269
라라234611,127.756809,34.94492,0,0.0676,LL,-0.539
라라234614,127.756818,34.947625,0,0.0734,LL,-0.672
라라234615,127.756821,34.948527,12,0.0532,LL,-0.639
라라234618,127.756829,34.951232,0,0.0889,LL,-0.516
라라234634,127.756874,34.96566,0,0.0682,LL,-0.493
라라234635,127.756877,34.966562,24,0.027,LL,-0.397
라라234637,127.756883,34.968365,0,0.0889,LL,-0.422
라라234643,127.756899,34.973776,9,0.0558,LL,-0.607
라라234644,127.756902,34.974677,8,0.059,LL,-0.672
라라234645,127.756905,34.975579,0,0.0715,LL,-0.562
라라234647,127.756911,34.977383,0,0.0693,LL,-0.596
라라234648,127.756913,34.978284,0,0.0571,LL,-0.547
라라234666,127.756964,34.994516,0,0.0889,LL,-0.596
라라234708,127.757083,35.032388,13,0.0356,LL,-0.38
라라234709,127.757086,35.03329,13,0.0412,LL,-0.529
라라234711,127.757091,35.035094,0,0.062,LL,-0.621
라라234712,127.757094,35.035995,8,0.0419,LL,-0.502
라라234717,127.757108,35.040504,0,0.067,LL,-0.432
라라235609,127.757899,34.943114,42,-0.0079,HL,-0.222
라라235610,127.757902,34.944016,0,0.044,LL,-0.471
라라235611,127.757905,34.944918,0,0.0801,LL,-0.671
라라235613,127.75791,34.946721,10,0.0546,LL,-0.493
라라235614,127.757913,34.947623,14,0.0461,LL,-0.604
라라235615,127.757916,34.948525,0,0.0755,LL,-0.639
라라235616,127.757919,34.949426,0,0.0734,LL,-0.457
라라235637,127.757978,34.968363,0,0.0734,LL,-0.457
라라235641,127.757989,34.97197,0,0.0734,LL,-0.519
라라235642,127.757992,34.972872,6,0.0696,LL,-0.678
라라235643,127.757995,34.973773,0,0.077,LL,-0.649
라라235644,127.757998,34.974675,0,0.0785,LL,-0.711
라라235645,127.758001,34.975577,7,0.0616,LL,-0.57
라라235647,127.758006,34.97738,11,0.0295,LL,-0.407
라라235648,127.758009,34.978282,27,0.0085,LL,-0.322
라라235649,127.758012,34.979184,36,-0.002,HL,-0.225
라라235665,127.758057,34.993612,0,0.0889,LL,-0.516
라라235666,127.75806,34.994513,0,0.0889,LL,-0.516
라라235708,127.758179,35.032386,6,0.0546,LL,-0.596
라라235709,127.758182,35.033288,18,0.0345,LL,-0.603
라라235710,127.758185,35.034189,7,0.0536,LL,-0.558
라라235711,127.758187,35.035091,11,0.0539,LL,-0.566
라라235712,127.75819,35.035993,0,0.0725,LL,-0.514
라라236610,127.758997,34.944013,0,0.0618,LL,-0.504
라라236611,127.759,34.944915,0,0.0889,LL,-0.596
라라236614,127.759008,34.94762,0,0.0682,LL,-0.493
라라236638,127.759076,34.969262,12,0.0529,LL,-0.427
라라236639,127.759079,34.970164,6,0.0479,LL,-0.367
라라236640,127.759082,34.971066,12,0.0546,LL,-0.519
라라236641,127.759085,34.971967,0,0.0734,LL,-0.519
라라236643,127.75909,34.973771,0,0.0837,LL,-0.57
라라236646,127.759099,34.976476,10,0.0338,LL,-0.381
라라236647,127.759102,34.977378,46,-0.0174,HL,-0.318
라라236648,127.759105,34.97828,23,0.009,LL,-0.226
라라236653,127.759119,34.982788,0,0.0,이웃없음,-0.298
라라236707,127.759272,35.031482,9,0.0569,LL,-0.618
라라236708,127.759275,35.032384,0,0.0674,LL,-0.626
라라236709,127.759278,35.033285,0,0.0729,LL,-0.621
라라236725,127.759324,35.047713,0,0.0,이웃없음,-0.298
라라237647,127.760197,34.977376,0,0.021,LL,-0.255
라라237656,127.760223,34.985491,0,0.0528,LL,-0.336
라라237677,127.760283,35.004428,0,0.0889,LL,-0.422
라라237678,127.760286,35.005329,0,0.0476,LL,-0.357
라라237680,127.760292,35.007133,0,0.0511,LL,-0.406
라라237689,127.760317,35.015248,0,0.0605,LL,-0.407
라라237691,127.760323,35.017052,0,0.0554,LL,-0.428
라라237702,127.760354,35.026971,0,0.0889,LL,-0.422
라라237706,127.760366,35.030578,0,0.0615,LL,-0.544
라라237707,127.760369,35.03148,17,0.0431,LL,-0.704
라라237708,127.760372,35.032381,0,0.0755,LL,-0.639
라라238599,127.761156,34.93409,0,0.0,이웃없음,-0.298
라라238612,127.761193,34.945812,0,0.0,이웃없음,-0.298
라라238657,127.761322,34.986391,14,0.0416,LL,-0.441
라라238666,127.761347,34.994506,0,0.0889,LL,-0.516
라라238667,127.76135,34.995408,0,0.0889,LL,-0.596
라라238679,127.761385,35.006229,32,0.0057,LL,-0.406
라라238680,127.761387,35.00713,12,0.04,LL,-0.406
라라238681,127.76139,35.008032,0,0.0785,LL,-0.545
라라238682,127.761393,35.008934,0,0.0889,LL,-0.422
라라238689,127.761413,35.015246,6,0.0564,LL,-0.467
라라238690,127.761416,35.016148,16,0.0359,LL,-0.57
라라238691,127.761419,35.01705,23,0.0231,LL,-0.515
라라238692,127.761422,35.017951,0,0.0571,LL,-0.436
라라238703,127.761453,35.02787,0,0.0657,LL,-0.48
라라238704,127.761456,35.028772,16,0.0293,LL,-0.4
라라238705,127.761459,35.029674,27,0.0146,LL,-0.487
라라238706,127.761462,35.030576,0,0.0585,LL,-0.522
라라238707,127.761465,35.031477,0,0.0779,LL,-0.601
라라238721,127.761505,35.044101,0,0.0451,LL,-0.376
라라238722,127.761508,35.045003,20,0.0205,LL,-0.385
라라238723,127.761511,35.045905,16,0.0173,LL,-0.286
라라238724,127.761514,35.046807,10,0.0334,LL,-0.377
라라239657,127.762417,34.986388,22,0.0261,LL,-0.481
라라239658,127.76242,34.98729,0,0.0528,LL,-0.415
라라239666,127.762443,34.994504,0,0.0889,LL,-0.516
라라239668,127.762449,34.996307,0,0.085,LL,-0.644
라라239669,127.762452,34.997209,0,0.085,LL,-0.644
라라239690,127.762512,35.016145,8,0.0488,LL,-0.57
라라239691,127.762515,35.017047,14,0.0408,LL,-0.59
라라239704,127.762553,35.02877,11,0.0402,LL,-0.487
라라239705,127.762555,35.029671,15,0.0345,LL,-0.487
라라239721,127.762602,35.044099,0,0.0451,LL,-0.376
라라239722,127.762605,35.045001,31,0.0047,LL,-0.364
라라239723,127.762607,35.045903,31,0.0035,LL,-0.273
라라239724,127.76261,35.046804,18,0.0206,LL,-0.353
라라239725,127.762613,35.047706,0,0.0528,LL,-0.377
라라240656,127.76351,34.985484,6,0.0443,LL,-0.393
라라240657,127.763513,34.986386,6,0.0516,LL,-0.485
라라240668,127.763545,34.996305,0,0.0801,LL,-0.671
라라240669,127.763548,34.997207,6,0.0701,LL,-0.792
라라240670,127.76355,34.998108,0,0.0779,LL,-0.601
라라240679,127.763577,35.006224,0,0.0,이웃없음,-0.298
라라240690,127.763608,35.016143,0,0.0775,LL,-0.653
라라240691,127.763611,35.017045,0,0.0747,LL,-0.582
라라240705,127.763652,35.029669,0,0.0554,LL,-0.387
라라240723,127.763704,35.0459,32,0.0021,LL,-0.18
라라241656,127.764606,34.985482,13,0.0425,LL,-0.493
라라241668,127.764641,34.996303,0,0.0743,LL,-0.523
라라241669,127.764643,34.997204,11,0.0584,LL,-0.671
라라241670,127.764646,34.998106,0,0.0743,LL,-0.523
라라241689,127.764701,35.015239,0,0.0889,LL,-0.516
라라241690,127.764704,35.016141,0,0.0889,LL,-0.596
라라241723,127.7648,35.045898,14,0.0038,LL,-0.141
라라242607,127.765559,34.941294,0,0.0,이웃없음,-0.298
라라242656,127.765701,34.985479,10,0.0379,LL,-0.452
라라242657,127.765704,34.986381,10,0.0315,LL,-0.361
라라243655,127.766794,34.984575,0,0.0391,LL,-0.346
라라243656,127.766797,34.985477,33,0.0028,LL,-0.445
라라243657,127.7668,34.986379,13,0.0281,LL,-0.354
라라244656,127.767893,34.985475,15,0.0368,LL,-0.515
라라244684,127.767975,35.010723,6,0.0585,LL,-0.342
라라245654,127.768982,34.983669,11,0.0605,LL,-0.354
라라245656,127.768988,34.985472,0,0.076,LL,-0.532
라라245657,127.768991,34.986374,0,0.0695,LL,-0.442
라라245659,127.768997,34.988177,0,0.0811,LL,-0.486
라라245660,127.769,34.989079,0,0.0811,LL,-0.486
라라245684,127.769071,35.010721,7,0.0571,LL,-0.48
라라245686,127.769077,35.012524,0,0.0708,LL,-0.447
라라246655,127.770081,34.984568,0,0.0747,LL,-0.462
라라246659,127.770093,34.988175,6,0.0619,LL,-0.614
라라246684,127.770167,35.010718,0,0.0753,LL,-0.586
라라246685,127.77017,35.01162,14,0.0495,LL,-0.755
라라246686,127.770173,35.012522,0,0.0747,LL,-0.582
라라247658,127.771186,34.987271,0,0.0612,LL,-0.501
라라247659,127.771189,34.988172,27,0.0175,LL,-0.579
라라247660,127.771192,34.989074,0,0.0605,LL,-0.454
라라247676,127.771239,35.003502,6,0.0548,LL,-0.508
라라247677,127.771242,35.004404,0,0.0515,LL,-0.443
라라247680,127.771251,35.007109,0,0.0785,LL,-0.545
라라247681,127.771254,35.008011,0,0.0811,LL,-0.486
라라247684,127.771263,35.010716,0,0.0768,LL,-0.536
라라247685,127.771266,35.011618,0,0.0775,LL,-0.653
라라247686,127.771269,35.012519,8,0.059,LL,-0.501
라라248656,127.772275,34.985465,14,0.0,이웃없음,-0.177
라라248658,127.772281,34.987268,10,0.0466,LL,-0.436
라라248659,127.772284,34.98817,0,0.065,LL,-0.524
라라248675,127.772332,35.002598,0,0.0365,LL,-0.333
라라248676,127.772335,35.003499,24,0.0195,LL,-0.521
라라248677,127.772338,35.004401,11,0.0348,LL,-0.466
라라248678,127.772341,35.005303,17,0.0362,LL,-0.497
라라248679,127.772344,35.006205,6,0.0571,LL,-0.471
라라248680,127.772347,35.007106,6,0.0691,LL,-0.545
라라249676,127.773431,35.003497,31,0.0061,LL,-0.373
라라249677,127.773434,35.004399,10,0.0251,LL,-0.307
라라250667,127.7745,34.995379,0,0.0889,LL,-0.422
라라251667,127.775596,34.995376,0,0.0889,LL,-0.422
라라251683,127.775644,35.009804,0,0.0785,LL,-0.476
라라252670,127.7767,34.998079,0,0.0,이웃없음,-0.298
라라252682,127.776737,35.0089,8,0.0648,LL,-0.609
라라252683,127.77674,35.009802,0,0.0811,LL,-0.678
라라253682,127.777833,35.008897,0,0.0792,LL,-0.609
라라253683,127.777836,35.009799,7,0.0675,LL,-0.678
라라253684,127.777839,35.010701,0,0.0729,LL,-0.621
라라253685,127.777842,35.011603,10,0.0546,LL,-0.493
라라253694,127.777869,35.019718,0,0.0674,LL,-0.488
라라253695,127.777873,35.02062,0,0.0657,LL,-0.528
라라253698,127.777882,35.023325,8,0.0,이웃없음,-0.229
라라254683,127.778932,35.009797,0,0.0798,LL,-0.613
라라254685,127.778938,35.0116,14,0.0476,LL,-0.621
라라254686,127.778941,35.012502,0,0.0657,LL,-0.528
라라254694,127.778966,35.019716,14,0.0421,LL,-0.504
라라254695,127.778969,35.020617,11,0.0482,LL,-0.616
라라254696,127.778972,35.021519,11,0.0507,LL,-0.593
라라255684,127.780031,35.010696,7,0.0601,LL,-0.614
라라255686,127.780037,35.012499,0,0.0734,LL,-0.672
라라255687,127.78004,35.013401,12,0.0537,LL,-0.582
라라255689,127.780046,35.015205,0,0.0,이웃없음,-0.298
라라255695,127.780065,35.020615,17,0.0372,LL,-0.616
라라255696,127.780068,35.021517,0,0.0721,LL,-0.662
라라255697,127.780071,35.022418,0,0.0794,LL,-0.549
라라256682,127.781121,35.00889,10,0.0631,LL,-0.467
라라256683,127.781124,35.009792,0,0.0657,LL,-0.572
라라256684,127.781127,35.010693,12,0.049,LL,-0.645
라라256685,127.78113,35.011595,0,0.0657,LL,-0.613
라라256686,127.781133,35.012497,10,0.0554,LL,-0.621
라라256687,127.781136,35.013399,0,0.07,LL,-0.501
라라256695,127.781161,35.020612,0,0.0743,LL,-0.523
라라256696,127.781164,35.021514,0,0.0779,LL,-0.601
라라257683,127.78222,35.009789,0,0.0725,LL,-0.665
라라257684,127.782223,35.010691,16,0.0435,LL,-0.731
라라257685,127.782226,35.011593,9,0.0536,LL,-0.636
라라258682,127.783313,35.008885,0,0.0889,LL,-0.422
라라258684,127.783319,35.010688,0,0.0728,LL,-0.57
라라258685,127.783322,35.01159,0,0.0674,LL,-0.488
